{"stats":{"minecraft:custom":{"minecraft:interact_with_crafting_table":90,"minecraft:open_barrel":1,"minecraft:leave_game":2,"minecraft:time_since_death":151794,"minecraft:sprint_one_cm":1128695,"minecraft:damage_blocked_by_shield":552,"minecraft:drop":51,"minecraft:play_noteblock":1,"minecraft:play_time":425506,"minecraft:deaths":8,"tombstone:tomb_raiding":1,"minecraft:jump":5750,"minecraft:walk_on_water_one_cm":97389,"minecraft:interact_with_furnace":99,"minecraft:sleep_in_bed":21,"minecraft:damage_dealt":13771,"minecraft:interact_with_beacon":1,"minecraft:player_kills":1,"minecraft:crouch_one_cm":35371,"tombstone:undead_killed":27,"tombstone:villager_killed":1,"minecraft:interact_with_smoker":49,"minecraft:mob_kills":79,"tombstone:use_vanishing":1,"minecraft:climb_one_cm":4934,"minecraft:walk_one_cm":1078119,"minecraft:sneak_time":10129,"minecraft:walk_under_water_one_cm":67758,"minecraft:boat_one_cm":311770,"minecraft:interact_with_blast_furnace":1,"minecraft:total_world_time":425506,"tombstone:raider_killed":2,"minecraft:interact_with_grindstone":1,"minecraft:time_since_rest":91941,"minecraft:damage_taken":5972,"minecraft:swim_one_cm":127333,"minecraft:fly_one_cm":1334025,"minecraft:open_chest":260,"minecraft:fall_one_cm":122028},"minecraft:used":{"minecraft:spruce_slab":7,"minecraft:chest":28,"minecraft:shield":21,"minecraft:stone":2,"minecraft:iron_sword":169,"paraglider:goddess_statue":4,"minecraft:mutton":8,"minecraft:stripped_spruce_log":32,"minecraft:spruce_boat":12,"tombstone:decorative_grave_simple":2,"minecraft:lantern":38,"minecraft:grass_block":42,"minecraft:dark_oak_slab":70,"minecraft:sweet_berries":13,"minecraft:furnace":15,"minecraft:potato":119,"minecraft:gray_carpet":1,"minecraft:stone_pickaxe":59,"minecraft:oak_planks":505,"minecraft:diamond_axe":595,"minecraft:sugar_cane":63,"minecraft:white_wool":4,"tombstone:dust_of_vanishing":1,"comforts:sleeping_bag_blue":21,"minecraft:stone_brick_wall":15,"minecraft:dark_oak_log":20,"tombstone:grave_key":3,"minecraft:grindstone":3,"minecraft:smithing_table":2,"minecraft:dark_oak_fence":31,"minecraft:coarse_dirt":1,"minecraft:experience_bottle":1,"minecraft:oak_fence":1,"minecraft:enchanting_table":3,"minecraft:spruce_planks":98,"minecraft:cooked_salmon":2,"minecraft:oak_door":5,"minecraft:torch":82,"minecraft:brewing_stand":1,"minecraft:dirt":616,"minecraft:anvil":4,"magistuarmory:diamond_stylet":4,"minecraft:spruce_stairs":50,"minecraft:cobblestone_wall":109,"minecraft:oak_fence_gate":26,"minecraft:iron_hoe":189,"minecraft:dark_oak_planks":33,"minecraft:bookshelf":26,"minecraft:iron_axe":120,"minecraft:oak_stairs":17,"paraglider:rito_goddess_statue":1,"minecraft:beef":4,"minecraft:cooked_beef":26,"minecraft:water_bucket":101,"minecraft:cobblestone_stairs":54,"minecraft:baked_potato":39,"minecraft:beacon":2,"minecraft:cobblestone_slab":26,"minecraft:warped_roots":1,"minecraft:diamond_block":55,"minecraft:oak_slab":52,"minecraft:crafting_table":17,"minecraft:white_bed":1,"minecraft:campfire":10,"minecraft:smoker":6,"minecraft:oak_log":81,"tombstone:bag_of_seeds":2,"minecraft:purple_stained_glass":3,"minecraft:diamond_pickaxe":775,"minecraft:cornflower":3,"minecraft:diamond_shovel":1716,"minecraft:iron_pickaxe":139,"minecraft:spruce_trapdoor":23,"minecraft:stone_axe":99,"minecraft:cobblestone":256,"minecraft:cooked_porkchop":17,"minecraft:white_banner":3,"minecraft:porkchop":3,"minecraft:bucket":102,"minecraft:glass_pane":327,"minecraft:stripped_oak_log":1},"minecraft:dropped":{"minecraft:iron_sword":1,"minecraft:lapis_lazuli":1,"minecraft:cooked_beef":4,"minecraft:ender_pearl":1,"minecraft:crafting_table":1,"minecraft:flint":1,"minecraft:dirt":1,"minecraft:sand":1,"minecraft:bone":1,"minecraft:oak_door":1,"minecraft:stone_axe":2,"comforts:sleeping_bag_red":1,"minecraft:sugar_cane":2,"tombstone:gift":5,"minecraft:rotten_flesh":2,"minecraft:golden_shovel":1,"minecraft:melon_seeds":3,"minecraft:arrow":2,"betteranimalsplus:turkey_leg_raw":3,"minecraft:wheat_seeds":14,"minecraft:feather":7,"minecraft:book":2,"minecraft:coal":1,"minecraft:stick":14,"minecraft:blue_dye":1,"betteranimalsplus:boarhead_dark_brown":1,"minecraft:fire_charge":1,"minecraft:chainmail_leggings":1,"minecraft:spruce_sapling":1,"minecraft:furnace":5,"minecraft:coarse_dirt":9,"minecraft:cocoa_beans":2,"minecraft:smoker":1,"minecraft:andesite":4,"minecraft:oak_sapling":1,"minecraft:bow":1,"minecraft:black_wool":1},"minecraft:broken":{"minecraft:diamond_shovel":1},"minecraft:mined":{"minecraft:spruce_planks":3,"minecraft:farmland":3,"minecraft:cobblestone_stairs":10,"minecraft:brewing_stand":1,"minecraft:spruce_trapdoor":6,"minecraft:grass_block":1064,"iceandfire:lectern":1,"comforts:sleeping_bag_blue":1,"minecraft:spawner":3,"minecraft:iron_ore":12,"minecraft:enchanting_table":3,"minecraft:dirt_path":1,"minecraft:oak_stairs":2,"minecraft:white_banner":2,"minecraft:spruce_slab":2,"minecraft:deepslate_redstone_ore":7,"minecraft:smoker":7,"minecraft:torch":9,"minecraft:chest":13,"minecraft:cobblestone":75,"minecraft:sugar_cane":88,"minecraft:oak_planks":119,"minecraft:wall_torch":2,"minecraft:grass":18,"minecraft:oak_log":292,"minecraft:oak_fence_gate":14,"minecraft:sand":407,"minecraft:dirt":227,"tombstone:decorative_grave_simple":2,"minecraft:smooth_basalt":3,"minecraft:oak_leaves":22,"minecraft:deepslate":12,"piglin_expansion:basaltic_blackstone":1,"minecraft:deepslate_diamond_ore":3,"minecraft:oak_door":3,"minecraft:dark_oak_log":5,"minecraft:cobbled_deepslate_slab":7,"minecraft:spruce_leaves":3,"minecraft:large_fern":1,"minecraft:hay_block":16,"minecraft:potted_dark_oak_sapling":1,"minecraft:furnace":23,"minecraft:nether_sprouts":1,"minecraft:andesite":5,"minecraft:stripped_spruce_log":88,"minecraft:diamond_block":51,"minecraft:gold_block":1,"minecraft:bookshelf":30,"minecraft:potatoes":57,"minecraft:cobblestone_slab":50,"minecraft:deepslate_iron_ore":1,"minecraft:vine":1,"minecraft:lantern":5,"minecraft:stripped_oak_log":1,"minecraft:stone":474,"iceandfire:podium_spruce":1,"minecraft:white_wool":1,"minecraft:podzol":1,"minecraft:smithing_table":2,"minecraft:oak_slab":4,"minecraft:glass_pane":7,"minecraft:crafting_table":18,"minecraft:cornflower":6,"minecraft:warped_roots":1,"minecraft:tall_grass":1,"minecraft:deepslate_coal_ore":7,"minecraft:spruce_stairs":10,"minecraft:coarse_dirt":1,"minecraft:cobblestone_wall":49,"minecraft:sweet_berry_bush":24,"minecraft:spruce_log":81,"minecraft:white_wall_banner":1,"minecraft:coal_ore":61,"minecraft:fern":1,"paraglider:goddess_statue":5},"minecraft:killed":{"minecraft:witch":2,"betteranimalsplus:turkey":2,"minecraft:spider":3,"minecraft:skeleton":9,"alexsmobs:orca":1,"minecraft:chicken":8,"minecraft:cat":1,"minecraft:pig":3,"minecraft:sheep":13,"minecraft:trader_llama":2,"minecraft:zombie":17,"minecraft:cow":9,"mca:female_zombie_villager":1,"betteranimalsplus:boar":5,"betteranimalsplus:lamprey":1,"minecraft:wandering_trader":1},"minecraft:killed_by":{"alexsmobs:crocodile":1,"minecraft:zombie":2,"iceandfire:fire_dragon":4,"minecraft:player":1},"minecraft:picked_up":{"minecraft:wooden_axe":1,"minecraft:iron_chestplate":2,"minecraft:flower_pot":1,"minecraft:smithing_table":3,"minecraft:lead":4,"minecraft:oak_stairs":9,"minecraft:potion":2,"minecraft:brewing_stand":1,"minecraft:string":107,"paraglider:goddess_statue":5,"minecraft:iron_leggings":1,"minecraft:cobbled_deepslate":12,"minecraft:spruce_planks":12,"minecraft:cobblestone_slab":72,"minecraft:calcite":2,"minecraft:iron_pickaxe":3,"minecraft:furnace":21,"minecraft:iron_boots":1,"minecraft:stick":7,"minecraft:oak_fence":1,"minecraft:torch":69,"minecraft:spruce_stairs":28,"minecraft:porkchop":16,"tombstone:grave_dust":3,"minecraft:rotten_flesh":45,"minecraft:red_tulip":3,"magistuarmory:woolen_fabric":18,"minecraft:cod":3,"minecraft:cobblestone":556,"minecraft:enchanting_table":3,"minecraft:feather":14,"minecraft:cooked_beef":8,"minecraft:water_bucket":1,"minecraft:andesite":6,"minecraft:smoker":7,"minecraft:potato":136,"alexsmobs:bear_fur":2,"paraglider:spirit_orb":9,"minecraft:dirt":1767,"minecraft:lapis_lazuli":3,"minecraft:lantern":6,"minecraft:glass":17,"minecraft:bone":10,"minecraft:bow":4,"minecraft:wheat_seeds":39,"minecraft:cobbled_deepslate_slab":24,"minecraft:oak_planks":142,"minecraft:poisonous_potato":1,"minecraft:sand":560,"minecraft:stripped_spruce_log":86,"minecraft:grass_block":2,"minecraft:diamond_block":51,"minecraft:dark_oak_log":5,"minecraft:bundle":1,"minecraft:iron_hoe":2,"minecraft:diamond":3,"comforts:sleeping_bag_blue":22,"minecraft:spruce_boat":13,"iceandfire:lectern":1,"minecraft:emerald":4,"minecraft:chainmail_helmet":1,"minecraft:oak_sapling":4,"minecraft:spruce_leaves":5,"minecraft:crafting_table":19,"minecraft:coarse_dirt":10,"tombstone:dust_of_vanishing":1,"minecraft:splash_potion":1,"minecraft:chicken":10,"minecraft:cooked_rabbit":2,"minecraft:cornflower":7,"magistuarmory:diamond_stylet":1,"minecraft:glass_pane":28,"comforts:sleeping_bag_magenta":2,"iceandfire:bestiary":1,"paraglider:rito_goddess_statue":1,"minecraft:beef":31,"minecraft:spruce_slab":2,"minecraft:sugar_cane":202,"minecraft:chest":13,"minecraft:spruce_trapdoor":6,"minecraft:dark_oak_sapling":3,"minecraft:raw_iron":12,"minecraft:oak_door":5,"sophisticatedbackpacks:backpack":2,"minecraft:carrot":1,"minecraft:redstone":31,"minecraft:dark_oak_planks":20,"magistuarmory:steel_ingot":1,"minecraft:arrow":9,"minecraft:hay_block":16,"comforts:sleeping_bag_red":1,"betteranimalsplus:boarhead_dark_brown":1,"minecraft:mutton":25,"minecraft:white_wool":14,"minecraft:stripped_oak_log":1,"minecraft:glow_ink_sac":7,"minecraft:leather":29,"minecraft:filled_map":1,"alexsmobs:cachalot_whale_tooth":1,"minecraft:oak_log":287,"minecraft:cobblestone_wall":58,"minecraft:cobblestone_stairs":10,"tombstone:gift":3,"minecraft:white_banner":3,"minecraft:apple":2,"minecraft:gray_carpet":1,"minecraft:oak_fence_gate":14,"tombstone:bag_of_seeds":1,"minecraft:oak_slab":6,"minecraft:book":102,"minecraft:smooth_basalt":13,"minecraft:sweet_berries":57,"minecraft:gravel":18,"tombstone:decorative_grave_simple":2,"minecraft:spruce_sapling":1,"minecraft:spruce_log":78,"betteranimalsplus:turkey_leg_raw":3,"minecraft:spruce_door":3,"minecraft:spider_eye":2,"minecraft:diamond_shovel":1,"minecraft:stone_axe":5,"minecraft:chainmail_leggings":3,"minecraft:iron_helmet":1,"minecraft:warped_roots":1,"tombstone:magic_scroll":2,"minecraft:black_wool":1,"minecraft:coal":214,"minecraft:ender_pearl":1},"minecraft:crafted":{"minecraft:oak_planks":648,"minecraft:cooked_chicken":6,"minecraft:cobblestone_stairs":44,"minecraft:diamond_shovel":2,"minecraft:bookshelf":26,"paraglider:deku_leaf":1,"minecraft:glass":195,"minecraft:diamond_helmet":1,"minecraft:diamond_leggings":1,"minecraft:chest":10,"minecraft:glass_bottle":3,"minecraft:oak_slab":96,"minecraft:cooked_porkchop":20,"sophisticatedbackpacks:backpack":1,"minecraft:diamond_axe":1,"minecraft:crafting_table":2,"minecraft:spruce_planks":528,"minecraft:baked_potato":39,"minecraft:spruce_door":3,"magistuarmory:wood_roundshield":1,"minecraft:spruce_trapdoor":8,"minecraft:diamond_pickaxe":1,"minecraft:shield":1,"minecraft:stick":184,"minecraft:iron_ingot":12,"minecraft:iron_pickaxe":1,"minecraft:oak_door":3,"minecraft:iron_nugget":27,"minecraft:furnace":2,"minecraft:glass_pane":352,"minecraft:lantern":3,"minecraft:diamond":459,"minecraft:spruce_stairs":76,"minecraft:iron_axe":1,"minecraft:cobblestone_wall":72,"minecraft:diamond_boots":1,"comforts:sleeping_bag_blue":1,"minecraft:spruce_boat":1,"minecraft:dark_oak_planks":20,"minecraft:cooked_beef":22,"paraglider:paraglider":1,"magistuarmory:diamond_rondache":1,"minecraft:iron_sword":1,"minecraft:cooked_salmon":4,"minecraft:bucket":1,"minecraft:air":0,"minecraft:blue_dye":4,"minecraft:oak_fence_gate":12,"minecraft:white_wool":16,"minecraft:oak_stairs":20,"minecraft:blue_wool":3,"minecraft:white_bed":1,"minecraft:torch":156,"minecraft:diamond_chestplate":2}},"DataVersion":2975}