{"stats":{"minecraft:picked_up":{"minecraft:dark_oak_sapling":2,"minecraft:stick":2,"minecraft:red_tulip":1},"minecraft:used":{"minecraft:purple_stained_glass":3,"minecraft:dark_oak_planks":33,"minecraft:diamond_block":55,"minecraft:dirt":11,"minecraft:anvil":4,"minecraft:dark_oak_log":20,"minecraft:spruce_slab":5,"minecraft:grass_block":42,"minecraft:lantern":31,"minecraft:grindstone":3,"minecraft:dark_oak_fence":31,"minecraft:spruce_planks":95,"minecraft:campfire":10,"minecraft:chest":6,"minecraft:stone":2,"minecraft:dark_oak_slab":70,"minecraft:stone_brick_wall":15,"minecraft:spruce_trapdoor":11,"minecraft:beacon":2},"minecraft:custom":{"minecraft:open_chest":10,"minecraft:time_since_rest":27156,"minecraft:crouch_one_cm":363,"minecraft:sprint_one_cm":16872,"minecraft:play_time":27156,"minecraft:damage_taken":110,"minecraft:walk_one_cm":78614,"minecraft:sneak_time":638,"minecraft:walk_under_water_one_cm":8319,"minecraft:jump":86,"minecraft:interact_with_grindstone":1,"minecraft:leave_game":1,"minecraft:walk_on_water_one_cm":13204,"minecraft:time_since_death":27156,"minecraft:interact_with_beacon":1,"minecraft:total_world_time":27156,"minecraft:swim_one_cm":2382,"minecraft:fall_one_cm":1952,"minecraft:fly_one_cm":29324}},"DataVersion":2975}