{"stats":{"minecraft:picked_up":{"minecraft:wooden_axe":1,"minecraft:iron_chestplate":2,"minecraft:wheat":16,"minecraft:flower_pot":1,"minecraft:prismarine_shard":3,"minecraft:smithing_table":3,"minecraft:lead":4,"minecraft:oak_stairs":45,"minecraft:potion":2,"minecraft:gilded_blackstone":4,"minecraft:nether_brick":6,"minecraft:brewing_stand":1,"piglin_expansion:basaltic_blackstone":1,"paraglider:goddess_statue":5,"minecraft:string":111,"minecraft:red_nether_bricks":2,"minecraft:iron_leggings":1,"alexsmobs:blood_sac":5,"minecraft:gold_nugget":12,"minecraft:cobbled_deepslate":12,"minecraft:spruce_planks":12,"minecraft:cobblestone_slab":72,"minecraft:calcite":2,"minecraft:iron_pickaxe":3,"minecraft:furnace":21,"minecraft:iron_boots":2,"minecraft:polished_blackstone_brick_slab":1,"minecraft:stick":9,"minecraft:oak_fence":1,"minecraft:torch":79,"minecraft:spruce_stairs":28,"minecraft:porkchop":16,"tombstone:grave_dust":3,"alexsmobs:centipede_leg":1,"minecraft:rotten_flesh":51,"minecraft:polished_basalt":1,"minecraft:red_tulip":3,"magistuarmory:woolen_fabric":18,"minecraft:obsidian":18,"minecraft:cod":3,"minecraft:cobblestone":568,"minecraft:enchanting_table":3,"minecraft:magma_block":1,"minecraft:feather":14,"minecraft:cooked_beef":8,"minecraft:water_bucket":1,"minecraft:andesite":6,"minecraft:smoker":7,"minecraft:potato":612,"alexsmobs:bear_fur":2,"paraglider:spirit_orb":11,"minecraft:tuff":4,"minecraft:lapis_lazuli":3,"minecraft:dirt":1802,"minecraft:lantern":6,"minecraft:glass":17,"minecraft:bone":13,"minecraft:bow":6,"minecraft:wheat_seeds":78,"minecraft:cobbled_deepslate_slab":24,"minecraft:oak_planks":142,"minecraft:cooked_porkchop":4,"piglin_expansion:basaltic_blackstone_slab":1,"minecraft:poisonous_potato":1,"iceandfire:shiny_scales":6,"minecraft:sand":560,"minecraft:stripped_spruce_log":86,"iceandfire:stymphalian_bird_feather":11,"sophisticatedbackpacks:iron_backpack":1,"minecraft:grass_block":2,"minecraft:diamond_block":51,"minecraft:dark_oak_log":5,"minecraft:mossy_cobblestone":5,"minecraft:bundle":1,"minecraft:iron_hoe":2,"minecraft:diamond":3,"comforts:sleeping_bag_blue":26,"minecraft:spruce_boat":17,"iceandfire:lectern":2,"minecraft:cracked_polished_blackstone_bricks":1,"minecraft:bone_meal":42,"minecraft:emerald":4,"minecraft:chainmail_helmet":1,"minecraft:oak_sapling":4,"minecraft:netherrack":513,"minecraft:oak_leaves":32,"minecraft:crimson_roots":2,"iceandfire:copper_ingot":7,"minecraft:spruce_leaves":5,"minecraft:coarse_dirt":15,"minecraft:crafting_table":19,"tombstone:dust_of_vanishing":1,"iceandfire:witherbone":1,"minecraft:splash_potion":1,"minecraft:chicken":10,"minecraft:ladder":1,"minecraft:cooked_rabbit":2,"minecraft:gold_block":15,"minecraft:cornflower":7,"magistuarmory:diamond_stylet":1,"minecraft:blackstone":25,"minecraft:glass_pane":28,"comforts:sleeping_bag_magenta":2,"iceandfire:bestiary":1,"paraglider:rito_goddess_statue":1,"minecraft:beef":31,"minecraft:oak_boat":1,"minecraft:spruce_slab":2,"minecraft:sugar_cane":303,"minecraft:chest":14,"minecraft:spruce_trapdoor":6,"minecraft:egg":1,"minecraft:dark_oak_sapling":4,"minecraft:raw_iron":16,"iceandfire:dragonbone":14,"minecraft:oak_door":5,"sophisticatedbackpacks:backpack":2,"minecraft:fire_charge":2,"minecraft:polished_blackstone_bricks":2,"minecraft:carrot":1,"minecraft:redstone":31,"minecraft:prismarine_crystals":11,"minecraft:dark_oak_planks":20,"minecraft:arrow":13,"magistuarmory:steel_ingot":1,"minecraft:nether_bricks":4,"minecraft:hay_block":19,"comforts:sleeping_bag_red":1,"betteranimalsplus:boarhead_dark_brown":1,"minecraft:black_banner":1,"minecraft:gold_ingot":5,"minecraft:polished_blackstone":1,"minecraft:mutton":25,"minecraft:white_wool":15,"minecraft:stripped_oak_log":1,"minecraft:air":0,"minecraft:glow_ink_sac":7,"minecraft:leather":29,"minecraft:filled_map":1,"alexsmobs:cachalot_whale_tooth":2,"minecraft:oak_log":287,"minecraft:nether_wart_block":2,"minecraft:cobblestone_wall":58,"minecraft:cobblestone_stairs":10,"alexsmobs:mosquito_proboscis":2,"minecraft:white_banner":4,"tombstone:gift":3,"piglin_expansion:basaltic_blackstone_stair":1,"minecraft:red_nether_brick_stairs":3,"minecraft:stone_bricks":1,"minecraft:apple":2,"minecraft:gray_carpet":1,"betteranimalsplus:antler":2,"minecraft:iron_ingot":7,"minecraft:oak_fence_gate":14,"tombstone:bag_of_seeds":1,"minecraft:soul_sand":1,"minecraft:book":102,"minecraft:oak_slab":21,"iceandfire:copper_nugget":3,"minecraft:smooth_basalt":13,"minecraft:sweet_berries":79,"minecraft:quartz":7,"minecraft:dripstone_block":1,"minecraft:gravel":49,"minecraft:spruce_sapling":1,"tombstone:decorative_grave_simple":2,"alexsmobs:lava_bottle":1,"minecraft:spruce_log":78,"betteranimalsplus:turkey_leg_raw":3,"minecraft:spruce_door":3,"minecraft:spider_eye":4,"minecraft:diamond_shovel":1,"minecraft:stone_axe":5,"minecraft:chainmail_leggings":3,"minecraft:iron_helmet":1,"minecraft:polished_blackstone_brick_wall":1,"minecraft:warped_roots":1,"minecraft:baked_potato":1,"tombstone:magic_scroll":2,"minecraft:black_wool":1,"minecraft:coal":252,"minecraft:ender_pearl":1},"minecraft:custom":{"minecraft:interact_with_crafting_table":101,"minecraft:open_barrel":1,"minecraft:leave_game":5,"minecraft:time_since_death":59602,"minecraft:sprint_one_cm":1661523,"minecraft:damage_blocked_by_shield":922,"minecraft:drop":158,"minecraft:play_noteblock":1,"minecraft:play_time":621286,"minecraft:deaths":12,"tombstone:tomb_raiding":1,"minecraft:jump":9290,"minecraft:walk_on_water_one_cm":118683,"minecraft:interact_with_furnace":99,"minecraft:sleep_in_bed":27,"minecraft:damage_dealt":23580,"minecraft:interact_with_beacon":1,"minecraft:player_kills":4,"minecraft:crouch_one_cm":40363,"tombstone:undead_killed":36,"tombstone:villager_killed":1,"minecraft:interact_with_smoker":75,"minecraft:mob_kills":109,"tombstone:use_vanishing":1,"minecraft:climb_one_cm":9350,"minecraft:walk_one_cm":1544872,"minecraft:damage_dealt_absorbed":157,"minecraft:sneak_time":11848,"minecraft:walk_under_water_one_cm":91030,"minecraft:boat_one_cm":441060,"minecraft:interact_with_blast_furnace":1,"minecraft:total_world_time":621286,"tombstone:raider_killed":2,"minecraft:interact_with_grindstone":1,"minecraft:time_since_rest":52979,"minecraft:damage_taken":10283,"minecraft:trigger_trapped_chest":1,"minecraft:swim_one_cm":212627,"minecraft:fly_one_cm":2100806,"minecraft:open_chest":355,"minecraft:fall_one_cm":188347},"minecraft:crafted":{"minecraft:oak_planks":824,"minecraft:cooked_chicken":6,"minecraft:cobblestone_stairs":44,"minecraft:diamond_shovel":2,"minecraft:bookshelf":26,"paraglider:deku_leaf":1,"minecraft:glass":195,"minecraft:diamond_helmet":2,"minecraft:diamond_leggings":2,"minecraft:chest":18,"minecraft:glass_bottle":12,"minecraft:oak_slab":132,"sophisticatedbackpacks:backpack":1,"minecraft:cooked_porkchop":20,"minecraft:diamond_axe":2,"minecraft:crafting_table":3,"minecraft:spruce_planks":528,"minecraft:baked_potato":213,"minecraft:spruce_door":3,"magistuarmory:wood_roundshield":1,"minecraft:spruce_trapdoor":8,"minecraft:diamond_pickaxe":2,"minecraft:shield":1,"minecraft:stick":188,"minecraft:iron_ingot":12,"minecraft:iron_pickaxe":1,"minecraft:gold_ingot":18,"minecraft:oak_door":3,"minecraft:iron_nugget":27,"iceandfire:dragonbone_sword_fire":1,"minecraft:furnace":2,"minecraft:glass_pane":352,"minecraft:lantern":3,"minecraft:diamond":459,"minecraft:spruce_stairs":76,"minecraft:iron_axe":1,"minecraft:cobblestone_wall":72,"minecraft:diamond_boots":2,"comforts:sleeping_bag_blue":1,"minecraft:spruce_boat":1,"minecraft:dark_oak_planks":20,"minecraft:cooked_beef":33,"paraglider:paraglider":1,"minecraft:cooked_cod":4,"magistuarmory:diamond_rondache":1,"iceandfire:dragonbone_sword":1,"minecraft:iron_sword":1,"minecraft:cooked_salmon":4,"minecraft:bucket":2,"minecraft:air":0,"minecraft:blue_dye":4,"minecraft:oak_fence_gate":12,"minecraft:white_wool":16,"minecraft:oak_stairs":56,"minecraft:blue_wool":3,"minecraft:white_bed":1,"minecraft:torch":164,"minecraft:diamond_chestplate":3},"minecraft:used":{"iceandfire:lectern":1,"minecraft:spruce_slab":7,"minecraft:chest":36,"minecraft:shield":21,"minecraft:iron_sword":169,"minecraft:stone":2,"paraglider:goddess_statue":4,"minecraft:mutton":8,"minecraft:nether_bricks":4,"minecraft:obsidian":17,"minecraft:stripped_spruce_log":32,"minecraft:spruce_boat":16,"tombstone:decorative_grave_simple":2,"minecraft:lantern":38,"minecraft:grass_block":42,"magistuarmory:diamond_rondache":44,"minecraft:dark_oak_slab":70,"minecraft:sweet_berries":13,"minecraft:furnace":15,"minecraft:egg":1,"minecraft:potato":295,"minecraft:oak_planks":506,"minecraft:stone_pickaxe":59,"minecraft:gray_carpet":1,"minecraft:sugar_cane":77,"minecraft:diamond_axe":674,"minecraft:oak_leaves":32,"minecraft:white_wool":4,"minecraft:black_banner":1,"tombstone:dust_of_vanishing":1,"comforts:sleeping_bag_blue":25,"minecraft:stone_brick_wall":15,"minecraft:dark_oak_log":20,"tombstone:grave_key":5,"minecraft:nether_wart_block":1,"minecraft:fire_charge":1,"minecraft:dark_oak_fence":31,"minecraft:grindstone":3,"minecraft:smithing_table":2,"minecraft:coarse_dirt":1,"minecraft:golden_pickaxe":33,"minecraft:experience_bottle":1,"minecraft:oak_fence":1,"minecraft:enchanting_table":3,"minecraft:spruce_planks":98,"minecraft:cooked_salmon":4,"minecraft:cooked_chicken":3,"minecraft:netherrack":122,"minecraft:oak_door":5,"minecraft:torch":83,"minecraft:dirt":690,"minecraft:brewing_stand":1,"minecraft:anvil":4,"magistuarmory:diamond_stylet":38,"minecraft:spruce_stairs":50,"minecraft:cobblestone_wall":109,"minecraft:oak_fence_gate":26,"minecraft:iron_hoe":189,"minecraft:dark_oak_planks":33,"minecraft:bookshelf":26,"minecraft:iron_axe":120,"minecraft:oak_stairs":69,"paraglider:rito_goddess_statue":1,"minecraft:beef":4,"minecraft:cooked_beef":28,"minecraft:wheat_seeds":51,"minecraft:water_bucket":117,"minecraft:cobblestone_stairs":54,"minecraft:glass_bottle":1,"minecraft:baked_potato":114,"minecraft:beacon":2,"minecraft:cobblestone_slab":26,"minecraft:warped_roots":1,"minecraft:diamond_block":55,"minecraft:oak_slab":76,"minecraft:crafting_table":17,"minecraft:white_bed":1,"minecraft:campfire":10,"minecraft:smoker":6,"minecraft:purple_stained_glass":3,"tombstone:bag_of_seeds":2,"minecraft:oak_log":81,"minecraft:diamond_pickaxe":1424,"minecraft:cornflower":3,"minecraft:diamond_shovel":2116,"iceandfire:dragonbone_sword_fire":93,"minecraft:iron_pickaxe":139,"minecraft:spruce_trapdoor":23,"minecraft:stone_axe":99,"minecraft:cobblestone":256,"minecraft:potion":1,"minecraft:porkchop":3,"minecraft:white_banner":4,"minecraft:cooked_porkchop":17,"minecraft:bucket":118,"minecraft:glass_pane":330,"minecraft:stripped_oak_log":1},"minecraft:killed":{"minecraft:witch":2,"betteranimalsplus:turkey":2,"minecraft:spider":7,"iceandfire:stymphalian_bird":1,"minecraft:skeleton":13,"alexsmobs:orca":1,"minecraft:chicken":8,"betteranimalsplus:goose":1,"minecraft:piglin_brute":3,"minecraft:cat":1,"minecraft:piglin":2,"minecraft:pig":3,"alexsmobs:crimson_mosquito":2,"minecraft:sheep":13,"minecraft:trader_llama":2,"minecraft:zombie":19,"minecraft:cow":9,"mca:female_zombie_villager":1,"betteranimalsplus:boar":5,"iceandfire:siren":3,"betteranimalsplus:lamprey":1,"minecraft:wandering_trader":1,"minecraft:hoglin":3,"iceandfire:ghost":3},"minecraft:mined":{"minecraft:spruce_planks":3,"minecraft:farmland":3,"minecraft:cobblestone_stairs":10,"minecraft:red_nether_bricks":2,"minecraft:brewing_stand":1,"minecraft:obsidian":16,"piglin_expansion:basaltic_blackstone_slab":1,"minecraft:spruce_trapdoor":6,"piglin_expansion:basaltic_blackstone_stair":1,"minecraft:grass_block":1069,"minecraft:cracked_polished_blackstone_bricks":2,"iceandfire:lectern":2,"minecraft:polished_blackstone_brick_slab":1,"comforts:sleeping_bag_blue":2,"minecraft:gilded_blackstone":4,"minecraft:spawner":4,"minecraft:polished_blackstone_bricks":3,"minecraft:weeping_vines_plant":1,"minecraft:magma_block":1,"minecraft:red_nether_brick_stairs":3,"minecraft:iron_ore":16,"minecraft:fire":3,"minecraft:enchanting_table":3,"minecraft:dirt_path":6,"minecraft:oak_stairs":38,"minecraft:white_banner":3,"minecraft:spruce_slab":2,"minecraft:deepslate_redstone_ore":7,"minecraft:blackstone":2,"minecraft:smoker":7,"minecraft:crimson_nylium":11,"minecraft:torch":13,"minecraft:chest":14,"minecraft:nether_quartz_ore":7,"minecraft:cobblestone":78,"minecraft:oak_planks":119,"minecraft:sugar_cane":139,"minecraft:wall_torch":3,"minecraft:nether_wart_block":1,"minecraft:wheat":16,"minecraft:grass":19,"minecraft:oak_log":292,"minecraft:oak_fence_gate":14,"minecraft:sand":407,"minecraft:dirt":238,"tombstone:decorative_grave_simple":2,"minecraft:smooth_basalt":3,"minecraft:netherrack":473,"minecraft:oak_leaves":73,"minecraft:deepslate":12,"minecraft:nether_gold_ore":2,"minecraft:tuff":4,"piglin_expansion:basaltic_blackstone":1,"minecraft:mossy_cobblestone":2,"minecraft:deepslate_diamond_ore":3,"minecraft:oak_door":3,"minecraft:dark_oak_log":5,"minecraft:cobbled_deepslate_slab":7,"minecraft:nether_bricks":7,"minecraft:spruce_leaves":4,"minecraft:large_fern":1,"minecraft:hay_block":19,"minecraft:potted_dark_oak_sapling":1,"minecraft:furnace":23,"minecraft:nether_sprouts":1,"minecraft:polished_basalt":1,"minecraft:andesite":5,"minecraft:stripped_spruce_log":88,"minecraft:diamond_block":51,"minecraft:gold_block":16,"minecraft:bookshelf":30,"minecraft:potatoes":217,"minecraft:deepslate_iron_ore":1,"minecraft:cobblestone_slab":50,"minecraft:vine":1,"minecraft:lantern":5,"minecraft:stripped_oak_log":1,"minecraft:packed_ice":18,"minecraft:stone":483,"iceandfire:podium_spruce":1,"minecraft:white_wool":1,"minecraft:podzol":1,"minecraft:smithing_table":2,"minecraft:oak_slab":15,"minecraft:glass_pane":8,"minecraft:soul_sand":1,"minecraft:polished_blackstone_brick_wall":1,"minecraft:crafting_table":18,"minecraft:cornflower":6,"minecraft:warped_roots":1,"minecraft:tall_grass":1,"minecraft:deepslate_coal_ore":7,"minecraft:spruce_stairs":10,"minecraft:coarse_dirt":11,"minecraft:cobblestone_wall":49,"minecraft:sweet_berry_bush":32,"minecraft:black_wall_banner":1,"minecraft:spruce_log":81,"minecraft:white_wall_banner":1,"minecraft:coal_ore":99,"minecraft:dripstone_block":1,"minecraft:polished_blackstone":1,"minecraft:stone_bricks":1,"minecraft:fern":1,"paraglider:goddess_statue":5},"minecraft:dropped":{"minecraft:iron_sword":1,"minecraft:lapis_lazuli":1,"minecraft:cooked_beef":13,"minecraft:dark_oak_sapling":1,"minecraft:baked_potato":68,"minecraft:ender_pearl":1,"minecraft:diamond":15,"minecraft:crafting_table":1,"minecraft:flint":1,"minecraft:dirt":1,"minecraft:sand":1,"minecraft:gold_ingot":4,"minecraft:bone":1,"minecraft:oak_door":1,"minecraft:gravel":31,"minecraft:stone_axe":2,"comforts:sleeping_bag_red":1,"minecraft:blackstone":23,"minecraft:sugar_cane":2,"minecraft:obsidian":2,"tombstone:gift":5,"minecraft:rotten_flesh":3,"minecraft:golden_shovel":1,"alexsmobs:blood_sac":5,"minecraft:melon_seeds":3,"minecraft:arrow":2,"minecraft:netherrack":4,"betteranimalsplus:turkey_leg_raw":3,"alexsmobs:mosquito_proboscis":2,"minecraft:bread":7,"minecraft:wheat_seeds":14,"minecraft:mossy_cobblestone":5,"minecraft:feather":7,"minecraft:cobblestone":5,"minecraft:book":2,"minecraft:coal":1,"minecraft:stick":16,"minecraft:blue_dye":1,"betteranimalsplus:boarhead_dark_brown":1,"minecraft:nether_wart_block":1,"minecraft:fire_charge":1,"minecraft:chainmail_leggings":1,"minecraft:string":4,"minecraft:spruce_sapling":1,"minecraft:furnace":5,"minecraft:coarse_dirt":9,"minecraft:cocoa_beans":2,"minecraft:tuff":4,"minecraft:iron_boots":1,"minecraft:smoker":1,"sophisticatedbackpacks:backpack":1,"minecraft:spruce_boat":1,"minecraft:hay_block":3,"minecraft:andesite":4,"minecraft:oak_boat":1,"minecraft:oak_sapling":1,"minecraft:spider_eye":2,"minecraft:bow":3,"minecraft:black_wool":1},"minecraft:broken":{"minecraft:diamond_shovel":1,"minecraft:golden_pickaxe":1},"minecraft:killed_by":{"alexsmobs:crocodile":2,"minecraft:zombie":2,"iceandfire:fire_dragon":4,"minecraft:player":2}},"DataVersion":2975}