{"stats":{"minecraft:custom":{"minecraft:interact_with_crafting_table":122,"minecraft:leave_game":3,"minecraft:time_since_death":27836,"minecraft:sprint_one_cm":1011893,"minecraft:damage_blocked_by_shield":257,"minecraft:drop":207,"minecraft:talked_to_villager":4,"minecraft:play_time":426681,"minecraft:deaths":23,"tombstone:tomb_raiding":6,"minecraft:jump":9017,"minecraft:interact_with_brewingstand":1,"minecraft:walk_on_water_one_cm":133650,"minecraft:interact_with_furnace":51,"minecraft:sleep_in_bed":7,"minecraft:damage_dealt":46502,"minecraft:player_kills":9,"minecraft:crouch_one_cm":51687,"tombstone:undead_killed":86,"minecraft:interact_with_smoker":56,"minecraft:horse_one_cm":522211,"minecraft:mob_kills":211,"tombstone:use_vanishing":3,"minecraft:damage_dealt_resisted":724,"minecraft:climb_one_cm":925,"minecraft:walk_one_cm":534224,"minecraft:damage_dealt_absorbed":240,"minecraft:sneak_time":27063,"minecraft:walk_under_water_one_cm":93738,"minecraft:boat_one_cm":95024,"minecraft:interact_with_blast_furnace":9,"minecraft:total_world_time":426681,"tombstone:raider_killed":23,"minecraft:time_since_rest":27858,"minecraft:damage_absorbed":119,"minecraft:damage_taken":15416,"minecraft:trigger_trapped_chest":1,"minecraft:swim_one_cm":159152,"minecraft:fly_one_cm":2106402,"minecraft:open_chest":113,"minecraft:fish_caught":17,"minecraft:fall_one_cm":262344},"minecraft:dropped":{"sophisticatedbackpacks:iron_backpack":1,"minecraft:soul_sand":1,"minecraft:dark_oak_stairs":1,"tombstone:strange_scroll":1,"minecraft:lapis_lazuli":1,"minecraft:cooked_beef":9,"minecraft:baked_potato":1,"minecraft:glow_ink_sac":2,"minecraft:diamond":1,"minecraft:crafting_table":2,"minecraft:dark_oak_sapling":1,"minecraft:crossbow":2,"alexsmobs:rocky_shell":1,"minecraft:leather":16,"iceandfire:ectoplasm":1,"alexsmobs:flying_fish_boots":1,"minecraft:rail":14,"paraglider:spirit_orb":4,"minecraft:cod":3,"iceandfire:sea_serpent_scales_teal":6,"minecraft:flint":1,"minecraft:emerald":2,"minecraft:spruce_leaves":1,"minecraft:dirt":31,"iceandfire:sea_serpent_scales_red":1,"minecraft:dark_oak_fence":6,"minecraft:cornflower":2,"minecraft:mutton":1,"minecraft:bone_meal":42,"minecraft:iron_pickaxe":2,"minecraft:white_wool":4,"minecraft:bone":9,"minecraft:gravel":9,"minecraft:stone_axe":9,"minecraft:sugar_cane":37,"comforts:sleeping_bag_magenta":1,"alexsmobs:animal_dictionary":1,"minecraft:cobbled_deepslate":6,"minecraft:birch_sapling":1,"tombstone:impregnated_diamond":1,"minecraft:pointed_dripstone":1,"minecraft:rotten_flesh":42,"magistuarmory:woolen_fabric":9,"minecraft:oak_planks":5,"iceandfire:frozen_grass":2,"magistuarmory:diamond_stylet":1,"iceandfire:copper_ore":4,"paraglider:deku_leaf":1,"iceandfire:shiny_scales":16,"minecraft:poppy":1,"minecraft:gunpowder":1,"minecraft:beetroot_seeds":4,"minecraft:melon_seeds":15,"minecraft:chest":6,"tombstone:scroll_of_knowledge":1,"iceandfire:sea_serpent_scales_blue":1,"minecraft:water_bucket":1,"minecraft:enchanted_book":1,"minecraft:bread":14,"minecraft:wheat_seeds":3,"minecraft:mossy_cobblestone":4,"minecraft:minecart":1,"minecraft:prismarine_crystals":13,"minecraft:oak_fence":4,"minecraft:iron_helmet":2,"minecraft:feather":2,"minecraft:cobblestone":3,"minecraft:book":2,"minecraft:grass_block":5,"minecraft:stick":13,"minecraft:blue_dye":3,"mca:book_romance":1,"illagerinvasion:platinum_chunk":7,"tombstone:dust_of_vanishing":1,"tombstone:magic_scroll":1,"minecraft:wooden_axe":1,"minecraft:brown_wool":1,"magistuarmory:steel_ingot":2,"minecraft:iron_leggings":1,"minecraft:iron_axe":2,"minecraft:string":66,"iceandfire:dragonbone":1,"magistuarmory:diamond_zweihander":1,"minecraft:spruce_sapling":1,"minecraft:dandelion":1,"minecraft:smooth_basalt":10,"minecraft:furnace":7,"minecraft:sweet_berries":5,"minecraft:coarse_dirt":6,"minecraft:stone_sword":1,"minecraft:cobblestone_wall":1,"minecraft:tuff":11,"minecraft:raw_iron":1,"minecraft:chicken":1,"minecraft:clay_ball":6,"minecraft:iron_boots":1,"minecraft:iron_hoe":1,"sophisticatedbackpacks:backpack":2,"iceandfire:dragon_skull_ice":1,"alexsmobs:bear_fur":1,"minecraft:filled_map":1,"minecraft:potato":1,"minecraft:shield":4,"minecraft:flower_pot":1,"paraglider:rito_goddess_statue":1,"minecraft:iron_chestplate":1,"minecraft:diamond_pickaxe":1,"minecraft:andesite":7,"magistuarmory:wood_pavese":2,"minecraft:oak_sapling":1,"tombstone:essence_of_undeath":1,"minecraft:spruce_log":1,"betteranimalsplus:venisonraw":3,"minecraft:bow":4,"minecraft:stone_pickaxe":1,"minecraft:red_tulip":1,"minecraft:calcite":5,"iceandfire:sea_serpent_fang":1,"minecraft:cooked_rabbit":1},"minecraft:used":{"iceandfire:tide_trident":11,"minecraft:red_sand":9,"minecraft:chest":2,"minecraft:shield":4,"minecraft:rotten_flesh":3,"paraglider:goddess_statue":1,"minecraft:soul_sand":2,"minecraft:mutton":10,"minecraft:carrot":6,"minecraft:tuff":9,"minecraft:milk_bucket":1,"tombstone:decorative_grave_simple":3,"alexsmobs:cooked_lobster_tail":3,"minecraft:bow":26,"minecraft:dark_oak_boat":5,"minecraft:sweet_berries":5,"minecraft:oak_sapling":1,"minecraft:furnace":20,"minecraft:cooked_cod":6,"minecraft:skeleton_skull":2,"minecraft:potato":105,"minecraft:oak_planks":7,"minecraft:stone_pickaxe":156,"betteranimalsplus:blubber":2,"minecraft:blackstone":8,"minecraft:ender_pearl":1,"minecraft:white_wool":8,"minecraft:golden_apple":3,"magistuarmory:diamond_shortsword":12,"minecraft:blast_furnace":1,"tombstone:dust_of_vanishing":2,"minecraft:crossbow":1,"comforts:sleeping_bag_blue":7,"minecraft:shears":11,"minecraft:bread":37,"tombstone:grave_key":7,"minecraft:gravel":18,"minecraft:andesite":39,"minecraft:oak_boat":1,"minecraft:coarse_dirt":1,"minecraft:bone_meal":6,"minecraft:experience_bottle":1,"minecraft:enchanting_table":1,"minecraft:spruce_planks":4,"tombstone:fishing_rod_of_misadventure":2,"minecraft:cooked_salmon":7,"minecraft:cooked_chicken":3,"minecraft:torch":57,"minecraft:dirt":55,"minecraft:iron_hoe":51,"minecraft:dark_oak_planks":45,"tombstone:ankh_of_pray":35,"magistuarmory:diamond_target":13,"minecraft:red_tulip":1,"minecraft:iron_axe":93,"minecraft:beef":1,"tombstone:gift":9,"minecraft:cooked_beef":1,"minecraft:pumpkin":3,"minecraft:cobbled_deepslate":97,"minecraft:calcite":20,"minecraft:cooked_mutton":9,"minecraft:water_bucket":11,"tombstone:scroll_of_knowledge":6,"minecraft:amethyst_block":1,"minecraft:birch_planks":12,"minecraft:baked_potato":90,"minecraft:cobblestone_slab":48,"minecraft:crafting_table":15,"magistuarmory:diamond_zweihander":514,"minecraft:smoker":3,"minecraft:diamond_pickaxe":104,"minecraft:iron_pickaxe":374,"tombstone:magic_scroll":2,"minecraft:stone_axe":96,"minecraft:fishing_rod":30,"minecraft:cobblestone":210,"minecraft:cobbled_deepslate_slab":12,"minecraft:porkchop":1,"minecraft:white_banner":1,"minecraft:bucket":12,"minecraft:wither_rose":2},"minecraft:killed_by":{"minecraft:drowned":1,"alexsmobs:cachalot_whale":4,"iceandfire:sea_serpent":3,"minecraft:vindicator":1,"iceandfire:ice_dragon":5,"betteranimalsplus:feralwolf":2,"minecraft:player":1,"alexsmobs:centipede_head":1,"illagerinvasion:inquisitor":2,"iceandfire:ghost":1},"minecraft:broken":{"minecraft:iron_chestplate":1,"minecraft:iron_leggings":1,"minecraft:stone_pickaxe":1,"minecraft:diamond_boots":1,"alexsmobs:flying_fish_boots":1,"minecraft:iron_pickaxe":1,"minecraft:iron_helmet":1},"minecraft:picked_up":{"minecraft:iron_chestplate":1,"illagerinvasion:platinum_chunk":7,"iceandfire:copper_ore":4,"minecraft:flower_pot":1,"minecraft:prismarine_shard":4,"betteranimalsplus:venisonraw":3,"minecraft:wither_rose":3,"minecraft:enchanted_book":1,"minecraft:amethyst_block":2,"paraglider:goddess_statue":1,"minecraft:string":68,"iceandfire:sea_serpent_scales_teal":6,"minecraft:iron_leggings":1,"minecraft:pufferfish":2,"paraglider:deku_leaf":1,"minecraft:red_sand":9,"minecraft:cobbled_deepslate":100,"minecraft:bucket":1,"minecraft:calcite":25,"minecraft:iron_pickaxe":1,"minecraft:furnace":21,"minecraft:stick":29,"minecraft:oak_fence":4,"minecraft:torch":2,"minecraft:porkchop":1,"minecraft:pointed_dripstone":1,"tombstone:grave_dust":22,"minecraft:stone_sword":1,"minecraft:rotten_flesh":61,"minecraft:blue_dye":1,"minecraft:red_tulip":1,"minecraft:obsidian":4,"minecraft:cod":12,"alexsmobs:lobster_tail":3,"alexsmobs:flying_fish":4,"minecraft:cobblestone":161,"minecraft:birch_log":4,"minecraft:feather":2,"minecraft:cooked_beef":5,"minecraft:water_bucket":1,"minecraft:andesite":45,"minecraft:brown_wool":1,"minecraft:dark_oak_boat":4,"magistuarmory:diamond_zweihander":1,"minecraft:smoker":1,"minecraft:potato":23,"alexsmobs:bear_fur":2,"paraglider:spirit_orb":3,"minecraft:flint":2,"minecraft:tuff":20,"alexsmobs:rocky_shell":2,"minecraft:lapis_lazuli":26,"minecraft:dirt":62,"minecraft:bone":21,"minecraft:bow":5,"minecraft:wheat_seeds":3,"minecraft:oak_planks":9,"iceandfire:dragonscales_sapphire":8,"iceandfire:shiny_scales":18,"sophisticatedbackpacks:iron_backpack":2,"minecraft:dead_bush":8,"minecraft:grass_block":5,"minecraft:dark_oak_log":21,"minecraft:mossy_cobblestone":4,"minecraft:bundle":1,"tombstone:book_of_disenchantment":1,"tombstone:familiar_stone":1,"minecraft:diamond":12,"comforts:sleeping_bag_blue":7,"magistuarmory:leather_strip":3,"minecraft:crossbow":2,"minecraft:emerald":10,"minecraft:bread":36,"minecraft:oak_sapling":2,"minecraft:dark_oak_fence":6,"sophisticatedbackpacks:gold_backpack":1,"minecraft:spruce_leaves":4,"minecraft:coarse_dirt":7,"minecraft:crafting_table":9,"minecraft:chicken":1,"minecraft:clay_ball":8,"betteranimalsplus:wolf_pelt_red":4,"minecraft:shield":2,"minecraft:cornflower":2,"iceandfire:frozen_grass":2,"tombstone:impregnated_diamond":1,"minecraft:blackstone":8,"tombstone:strange_scroll":1,"minecraft:beef":19,"minecraft:poppy":1,"minecraft:minecart":1,"minecraft:sugar_cane":22,"minecraft:chest":7,"minecraft:birch_sapling":1,"iceandfire:ice_dragon_heart":1,"minecraft:dark_oak_sapling":1,"minecraft:raw_iron":42,"iceandfire:dragonbone":73,"minecraft:carrot":1,"minecraft:prismarine_crystals":13,"minecraft:dark_oak_planks":5,"iceandfire:dragon_skull_ice":5,"minecraft:arrow":38,"minecraft:diamond_boots":1,"minecraft:saddle":1,"tombstone:essence_of_undeath":2,"minecraft:rail":14,"minecraft:mutton":20,"minecraft:skeleton_skull":4,"minecraft:white_wool":12,"iceandfire:sea_serpent_fang":7,"minecraft:salmon":7,"minecraft:leather":7,"alexsmobs:cachalot_whale_tooth":5,"minecraft:oak_log":8,"iceandfire:ectoplasm":1,"minecraft:cobblestone_wall":1,"minecraft:gunpowder":9,"minecraft:white_banner":1,"tombstone:gift":1,"betteranimalsplus:antler":2,"minecraft:iron_ingot":31,"betteranimalsplus:blubber":15,"minecraft:soul_sand":3,"minecraft:dark_oak_stairs":1,"minecraft:book":13,"minecraft:smooth_basalt":10,"minecraft:pumpkin":3,"minecraft:sweet_berries":8,"minecraft:dandelion":1,"minecraft:gravel":27,"minecraft:spruce_sapling":1,"tombstone:decorative_grave_simple":2,"minecraft:spruce_log":13,"minecraft:spider_eye":1,"betteranimalsplus:bear_skin_kermode":2,"minecraft:stone_axe":5,"minecraft:iron_helmet":1,"iceandfire:sea_serpent_scales_red":3,"iceandfire:ice_dragon_flesh":6,"minecraft:baked_potato":1,"tombstone:magic_scroll":2,"minecraft:melon_seeds":15,"minecraft:coal":16,"minecraft:ender_pearl":1},"minecraft:killed":{"alexsmobs:hummingbird":3,"alexsmobs:lobster":6,"minecraft:cave_spider":1,"minecraft:spider":9,"betteranimalsplus:whale":2,"minecraft:zombie_horse":1,"minecraft:skeleton":20,"alexsmobs:orca":2,"minecraft:fox":2,"betteranimalsplus:deer":1,"illagerinvasion:provoker":2,"minecraft:silverfish":1,"betteranimalsplus:squirrel":1,"minecraft:skeleton_horse":1,"illagerinvasion:inquisitor":2,"alexsmobs:grizzly_bear":2,"alexsmobs:seal":3,"minecraft:creeper":11,"minecraft:sheep":13,"minecraft:pillager":10,"minecraft:zombie":58,"alexsmobs:cachalot_whale":1,"betteranimalsplus:jellyfish":1,"iceandfire:sea_serpent":2,"minecraft:cow":10,"mca:female_zombie_villager":1,"alexsmobs:raccoon":2,"minecraft:vindicator":8,"betteranimalsplus:boar":1,"illagerinvasion:marauder":1,"alexsmobs:tasmanian_devil":1,"iceandfire:siren":5,"betteranimalsplus:eel_saltwater":1,"alexsmobs:flying_fish":4,"alexsmobs:rocky_roller":1,"betteranimalsplus:shark":1,"betteranimalsplus:lamprey":1,"betteranimalsplus:feralwolf":4,"iceandfire:ghost":5,"iceandfire:ice_dragon":1,"alexsmobs:crow":3,"betteranimalsplus:blackbear":1,"minecraft:enderman":4},"minecraft:crafted":{"minecraft:smooth_stone":3,"minecraft:oak_planks":32,"minecraft:cobblestone_slab":48,"paraglider:rito_goddess_statue":1,"minecraft:dark_oak_boat":1,"iceandfire:armor_sapphire_chestplate":1,"minecraft:stone":6,"paraglider:deku_leaf":1,"minecraft:cooked_mutton":9,"magistuarmory:diamond_zweihander":1,"minecraft:bow":1,"minecraft:chest":2,"minecraft:smoker":1,"magistuarmory:diamond_shortsword":1,"magistuarmory:diamond_stylet":1,"minecraft:crafting_table":6,"minecraft:spruce_planks":20,"minecraft:baked_potato":109,"minecraft:iron_helmet":2,"magistuarmory:diamond_target":1,"tombstone:impregnated_diamond":1,"tombstone:decorative_grave_simple":1,"minecraft:birch_planks":16,"magistuarmory:wood_pavese":2,"iceandfire:tide_blue_helmet":1,"minecraft:iron_chestplate":1,"minecraft:paper":3,"minecraft:charcoal":4,"minecraft:stick":20,"minecraft:iron_ingot":43,"minecraft:iron_pickaxe":2,"tombstone:voodoo_poppet":1,"minecraft:shears":1,"tombstone:fishing_rod_of_misadventure":1,"magistuarmory:leather_strip":6,"tombstone:book_of_disenchantment":1,"minecraft:cobbled_deepslate_slab":12,"minecraft:fishing_rod":1,"minecraft:furnace":4,"minecraft:blast_furnace":1,"minecraft:bone_meal":48,"magistuarmory:hilt":3,"minecraft:leather":8,"magistuarmory:steel_ingot":5,"minecraft:iron_hoe":1,"minecraft:diamond_boots":1,"comforts:sleeping_bag_blue":1,"magistuarmory:woolen_fabric":9,"alexsmobs:flying_fish_boots":2,"minecraft:dark_oak_planks":84,"tombstone:strange_scroll":1,"minecraft:cooked_beef":5,"paraglider:paraglider":1,"minecraft:cooked_cod":5,"alexsmobs:cooked_lobster_tail":3,"minecraft:enchanting_table":1,"iceandfire:tide_trident":2,"minecraft:cooked_salmon":7,"tombstone:ankh_of_pray":1,"sophisticatedbackpacks:gold_backpack":1,"minecraft:stone_axe":1,"minecraft:air":0,"minecraft:blue_dye":4,"minecraft:oak_boat":1,"minecraft:white_wool":2,"tombstone:dark_marble":3,"minecraft:blue_wool":3,"minecraft:iron_leggings":2,"minecraft:torch":32},"minecraft:mined":{"minecraft:dark_oak_planks":11,"minecraft:spruce_planks":3,"minecraft:farmland":5,"minecraft:jungle_leaves":1,"minecraft:obsidian":3,"minecraft:potted_dead_bush":1,"minecraft:red_sand":9,"minecraft:grass_block":25,"minecraft:infested_cobblestone":1,"comforts:sleeping_bag_blue":2,"minecraft:spawner":1,"minecraft:tall_seagrass":1,"minecraft:iron_ore":38,"minecraft:pumpkin":3,"minecraft:dark_oak_stairs":7,"minecraft:skeleton_wall_skull":1,"minecraft:red_tulip":1,"minecraft:blackstone":8,"minecraft:smoker":1,"minecraft:clay":2,"iceandfire:dragon_ice_spikes":2,"minecraft:torch":1,"minecraft:calcite":25,"minecraft:chest":1,"minecraft:dead_bush":9,"minecraft:cobblestone":36,"minecraft:oak_planks":8,"minecraft:sugar_cane":1,"minecraft:wall_torch":1,"minecraft:amethyst_block":2,"minecraft:skeleton_skull":3,"minecraft:seagrass":1,"minecraft:birch_log":4,"minecraft:wither_rose":2,"minecraft:grass":12,"minecraft:oak_log":8,"minecraft:dirt":27,"tombstone:decorative_grave_simple":2,"minecraft:smooth_basalt":6,"minecraft:deepslate":102,"minecraft:tuff":16,"minecraft:mossy_cobblestone":5,"minecraft:dark_oak_leaves":1,"minecraft:deepslate_diamond_ore":12,"minecraft:dark_oak_log":22,"minecraft:dark_oak_fence":6,"minecraft:spruce_leaves":32,"minecraft:large_fern":7,"minecraft:furnace":9,"iceandfire:copper_ore":4,"minecraft:andesite":71,"minecraft:bookshelf":3,"minecraft:potatoes":1,"minecraft:deepslate_iron_ore":8,"minecraft:vine":4,"minecraft:packed_ice":13,"minecraft:stone":198,"minecraft:white_wool":1,"minecraft:podzol":1,"minecraft:soul_sand":4,"minecraft:oak_fence":4,"minecraft:crafting_table":9,"minecraft:cornflower":2,"minecraft:tall_grass":3,"minecraft:deepslate_coal_ore":2,"minecraft:lapis_ore":4,"minecraft:spruce_stairs":1,"minecraft:purple_bed":1,"minecraft:coarse_dirt":1,"minecraft:sweet_berry_bush":9,"minecraft:spruce_log":16,"minecraft:birch_leaves":1,"minecraft:coal_ore":14,"minecraft:gravel":25,"minecraft:cobweb":1,"minecraft:fern":5,"paraglider:goddess_statue":1}},"DataVersion":2975}