{"stats":{"minecraft:dropped":{"minecraft:crimson_stem":1,"minecraft:iron_ingot":5,"minecraft:diamond_axe":1,"minecraft:glow_ink_sac":3,"minecraft:crossbow":1,"minecraft:poisonous_potato":4,"minecraft:cobblestone":131,"minecraft:dark_oak_slab":1,"minecraft:iron_helmet":4,"minecraft:lead":4,"minecraft:leather":2,"minecraft:iron_horse_armor":1,"minecraft:spruce_door":3,"paraglider:spirit_orb":2,"minecraft:stick":4,"tombstone:grave_key":1,"minecraft:wooden_axe":1,"tombstone:grave_dust":4,"minecraft:wither_rose":2,"minecraft:iron_pickaxe":3,"minecraft:string":44,"minecraft:bone":5,"minecraft:stone_axe":3,"minecraft:sugar_cane":17,"minecraft:cobbled_deepslate":9,"alexsmobs:animal_dictionary":2,"minecraft:bowl":2,"minecraft:obsidian":2,"minecraft:tuff":38,"minecraft:wheat":2,"minecraft:rotten_flesh":3,"minecraft:enchanted_golden_apple":1,"minecraft:diamond_pickaxe":1,"minecraft:andesite":1,"minecraft:brown_bed":1,"minecraft:bow":2,"minecraft:wooden_pickaxe":4,"minecraft:stone_pickaxe":2,"iceandfire:sea_serpent_fang":1,"minecraft:red_tulip":2,"minecraft:netherrack":64},"minecraft:used":{"iceandfire:tide_trident":2,"minecraft:flint_and_steel":2,"minecraft:spruce_slab":2,"minecraft:spruce_planks":31,"minecraft:chest":2,"minecraft:shield":43,"minecraft:rotten_flesh":17,"minecraft:netherrack":191,"minecraft:torch":18,"minecraft:mutton":1,"minecraft:dirt":44,"minecraft:stripped_spruce_log":1,"minecraft:obsidian":13,"minecraft:lava_bucket":50,"minecraft:oak_stairs":1,"minecraft:iron_axe":54,"minecraft:iron_helmet":1,"minecraft:smooth_basalt":1,"minecraft:sweet_berries":26,"minecraft:furnace":7,"tombstone:gift":10,"minecraft:cooked_beef":1,"minecraft:potato":2,"minecraft:cobbled_deepslate":381,"minecraft:brown_bed":1,"minecraft:calcite":14,"minecraft:cooked_mutton":3,"minecraft:dark_oak_stairs":1,"minecraft:water_bucket":132,"tombstone:scroll_of_knowledge":1,"minecraft:spruce_door":1,"alexsmobs:flying_fish_boots":1,"minecraft:stone_pickaxe":210,"minecraft:blackstone":5,"minecraft:wooden_pickaxe":34,"minecraft:diamond_axe":136,"magistuarmory:netherite_zweihander":5,"minecraft:oak_slab":1,"minecraft:crafting_table":17,"comforts:sleeping_bag_magenta":4,"minecraft:dark_oak_door":7,"minecraft:diamond_pickaxe":1610,"magistuarmory:wood_pavese":6,"minecraft:bread":18,"minecraft:suspicious_stew":4,"minecraft:iron_pickaxe":225,"minecraft:spruce_trapdoor":1,"tombstone:grave_key":29,"minecraft:spruce_sapling":2,"minecraft:stone_axe":23,"minecraft:cobblestone":26,"minecraft:cooked_porkchop":5,"minecraft:smithing_table":2,"minecraft:cooked_rabbit":2,"minecraft:bucket":185,"alexsmobs:animal_dictionary":2},"minecraft:broken":{"minecraft:stone_pickaxe":1},"minecraft:killed_by":{"minecraft:player":8,"minecraft:creeper":2,"minecraft:cave_spider":3,"minecraft:hoglin":1,"minecraft:skeleton":7,"minecraft:blaze":3,"minecraft:zombie":6},"minecraft:crafted":{"magistuarmory:netherite_zweihander":1,"minecraft:oak_planks":16,"minecraft:raw_iron":9,"minecraft:blaze_powder":10,"minecraft:cooked_chicken":2,"minecraft:furnace":3,"minecraft:flint_and_steel":1,"minecraft:cooked_mutton":2,"magistuarmory:diamond_zweihander":1,"minecraft:netherite_chestplate":1,"magistuarmory:hilt":2,"minecraft:dark_oak_door":3,"minecraft:diamond_helmet":1,"minecraft:diamond_leggings":1,"minecraft:iron_boots":1,"minecraft:iron_axe":2,"minecraft:stone_pickaxe":2,"minecraft:chest":1,"minecraft:diamond_boots":1,"minecraft:netherite_scrap":12,"minecraft:dark_oak_planks":60,"iceandfire:tide_trident":1,"magistuarmory:diamond_shortsword":1,"sophisticatedbackpacks:backpack":1,"minecraft:cooked_porkchop":3,"minecraft:diamond_axe":1,"minecraft:crafting_table":3,"minecraft:spruce_planks":108,"minecraft:wooden_pickaxe":3,"minecraft:iron_helmet":1,"minecraft:spruce_door":3,"minecraft:smithing_table":1,"minecraft:bucket":6,"minecraft:stone_axe":1,"minecraft:air":0,"minecraft:iron_chestplate":1,"minecraft:diamond_pickaxe":3,"minecraft:shield":2,"minecraft:stick":32,"minecraft:iron_ingot":63,"minecraft:iron_pickaxe":2,"minecraft:iron_leggings":1,"minecraft:gold_ingot":73,"minecraft:netherite_ingot":3,"minecraft:torch":8,"magistuarmory:leather_strip":12,"minecraft:diamond_chestplate":1},"minecraft:killed":{"minecraft:spider":1,"minecraft:zombie_horse":2,"minecraft:skeleton":2,"minecraft:silverfish":4,"minecraft:hoglin":2,"alexsmobs:crimson_mosquito":2,"minecraft:sheep":2,"minecraft:zombie":22,"minecraft:blaze":20},"minecraft:custom":{"minecraft:interact_with_smithing_table":11,"minecraft:mob_kills":68,"minecraft:interact_with_crafting_table":87,"minecraft:open_barrel":4,"minecraft:damage_dealt_resisted":113,"minecraft:leave_game":7,"minecraft:time_since_death":81474,"minecraft:climb_one_cm":8458,"minecraft:sprint_one_cm":540086,"minecraft:walk_one_cm":546497,"minecraft:damage_blocked_by_shield":1786,"minecraft:drop":97,"minecraft:damage_dealt_absorbed":119,"minecraft:play_time":323020,"minecraft:sneak_time":42294,"minecraft:deaths":37,"minecraft:walk_under_water_one_cm":38098,"tombstone:tomb_raiding":1,"minecraft:jump":6727,"minecraft:walk_on_water_one_cm":91386,"minecraft:total_world_time":323020,"minecraft:interact_with_furnace":120,"minecraft:sleep_in_bed":5,"minecraft:time_since_rest":75761,"minecraft:damage_taken":12835,"minecraft:damage_dealt":12419,"minecraft:player_kills":1,"minecraft:swim_one_cm":105213,"minecraft:fly_one_cm":1005546,"minecraft:open_chest":154,"minecraft:crouch_one_cm":86441,"tombstone:undead_killed":26,"minecraft:interact_with_smoker":12,"minecraft:fall_one_cm":156714},"minecraft:picked_up":{"minecraft:wooden_axe":5,"minecraft:crafting_table":18,"minecraft:iron_chestplate":4,"minecraft:wheat":3,"minecraft:clay_ball":4,"minecraft:smithing_table":2,"minecraft:lead":6,"minecraft:wooden_pickaxe":2,"minecraft:wither_rose":2,"minecraft:oak_stairs":1,"minecraft:brown_bed":4,"minecraft:cooked_rabbit":3,"minecraft:enchanted_book":5,"tombstone:grave_key":1,"minecraft:shield":1,"iceandfire:sea_serpent_scales_blue":1,"minecraft:string":307,"minecraft:iron_axe":1,"minecraft:iron_leggings":4,"minecraft:blackstone":23,"tombstone:strange_scroll":3,"comforts:sleeping_bag_magenta":4,"alexsmobs:blood_sac":2,"minecraft:cobbled_deepslate":569,"minecraft:spruce_planks":77,"minecraft:calcite":24,"minecraft:poppy":1,"minecraft:spruce_slab":2,"minecraft:iron_pickaxe":7,"minecraft:enchanted_golden_apple":1,"minecraft:spruce_trapdoor":1,"minecraft:sugar_cane":49,"minecraft:chest":8,"minecraft:furnace":13,"minecraft:iron_boots":4,"minecraft:dark_oak_door":6,"iceandfire:dragonbone":1,"minecraft:stick":4,"minecraft:raw_iron":63,"minecraft:torch":12,"sophisticatedbackpacks:backpack":4,"minecraft:porkchop":3,"tombstone:grave_dust":12,"minecraft:iron_horse_armor":3,"minecraft:dark_oak_planks":11,"minecraft:weeping_vines":1,"minecraft:arrow":2,"minecraft:rotten_flesh":17,"alexsmobs:flying_fish_boots":1,"minecraft:blue_dye":1,"minecraft:hay_block":8,"comforts:sleeping_bag_red":1,"minecraft:red_tulip":3,"minecraft:saddle":5,"minecraft:gold_ingot":8,"minecraft:blaze_rod":5,"minecraft:obsidian":27,"minecraft:mutton":3,"minecraft:white_wool":2,"minecraft:cobblestone":303,"minecraft:magma_block":21,"iceandfire:sea_serpent_fang":4,"minecraft:crimson_stem":1,"minecraft:glow_ink_sac":9,"minecraft:andesite":101,"minecraft:leather":11,"minecraft:smoker":2,"minecraft:potato":1,"paraglider:spirit_orb":20,"minecraft:flint":1,"minecraft:tuff":114,"minecraft:oak_log":4,"minecraft:ancient_debris":12,"minecraft:gunpowder":12,"minecraft:lapis_lazuli":8,"minecraft:dirt":24,"minecraft:bone":36,"minecraft:bow":4,"minecraft:raw_gold":73,"minecraft:iron_ingot":6,"minecraft:stone_pickaxe":1,"minecraft:soul_sand":4,"minecraft:oak_planks":6,"minecraft:dark_oak_stairs":1,"minecraft:oak_slab":1,"minecraft:smooth_basalt":1,"minecraft:dark_oak_slab":1,"minecraft:cooked_porkchop":2,"minecraft:sweet_berries":23,"minecraft:quartz":3,"minecraft:poisonous_potato":4,"minecraft:raw_iron_block":1,"minecraft:gravel":18,"minecraft:stripped_spruce_log":4,"minecraft:spruce_sapling":2,"minecraft:spruce_door":4,"minecraft:spruce_log":24,"alexsmobs:animal_dictionary":3,"minecraft:dark_oak_log":15,"minecraft:spider_eye":3,"tombstone:book_of_disenchantment":3,"minecraft:crossbow":1,"minecraft:diamond":86,"comforts:sleeping_bag_blue":3,"minecraft:stone_axe":6,"tombstone:scroll_of_knowledge":1,"iceandfire:sea_serpent_scales_red":1,"minecraft:iron_helmet":11,"minecraft:diamond_axe":1,"magistuarmory:wood_pavese":2,"minecraft:bread":14,"minecraft:netherrack":602,"minecraft:coal":10,"minecraft:crimson_roots":3,"minecraft:diamond_pickaxe":2},"minecraft:mined":{"minecraft:tuff":40,"minecraft:spruce_planks":10,"minecraft:mossy_cobblestone":2,"minecraft:deepslate_diamond_ore":76,"minecraft:dark_oak_log":15,"minecraft:obsidian":27,"minecraft:spruce_trapdoor":1,"minecraft:grass_block":5,"minecraft:crimson_roots":2,"comforts:sleeping_bag_magenta":1,"minecraft:spruce_leaves":10,"minecraft:crimson_stem":1,"minecraft:spawner":7,"minecraft:hay_block":8,"minecraft:weeping_vines_plant":1,"minecraft:magma_block":21,"minecraft:raw_iron_block":1,"minecraft:mossy_cobblestone_slab":1,"minecraft:spruce_sapling":1,"minecraft:furnace":6,"minecraft:cobbled_deepslate":10,"minecraft:iron_ore":23,"minecraft:fire":7,"minecraft:andesite":101,"minecraft:stripped_spruce_log":4,"minecraft:deepslate_lapis_ore":1,"minecraft:dark_oak_stairs":1,"minecraft:brown_bed":2,"minecraft:red_tulip":4,"minecraft:deepslate_iron_ore":42,"minecraft:vine":5,"minecraft:oak_stairs":1,"minecraft:stone":205,"minecraft:spruce_slab":2,"minecraft:smithing_table":2,"minecraft:oak_slab":1,"minecraft:glass_pane":1,"minecraft:soul_sand":4,"minecraft:blackstone":23,"minecraft:crimson_nylium":5,"minecraft:smoker":1,"minecraft:spruce_door":1,"minecraft:clay":1,"minecraft:crafting_table":17,"minecraft:calcite":43,"minecraft:chest":2,"minecraft:nether_quartz_ore":3,"minecraft:cobblestone":8,"minecraft:deepslate_gold_ore":65,"minecraft:oak_planks":7,"minecraft:sugar_cane":15,"minecraft:wall_torch":1,"minecraft:dark_oak_slab":1,"minecraft:dark_oak_door":6,"minecraft:sweet_berry_bush":10,"minecraft:spruce_log":25,"minecraft:grass":10,"minecraft:oak_log":4,"minecraft:coal_ore":6,"minecraft:gravel":12,"minecraft:dirt":20,"minecraft:smooth_basalt":2,"minecraft:ancient_debris":12,"minecraft:netherrack":623,"minecraft:fern":1,"minecraft:gold_ore":8,"minecraft:oak_leaves":1,"minecraft:deepslate":553,"minecraft:infested_deepslate":2}},"DataVersion":2975}