{"stats":{"minecraft:picked_up":{"minecraft:wooden_axe":5,"piglin_expansion:piglin_divinity_gem":1,"minecraft:iron_chestplate":4,"minecraft:wheat":3,"minecraft:prismarine_shard":4,"minecraft:smithing_table":2,"minecraft:lead":6,"minecraft:potion":4,"minecraft:oak_stairs":1,"minecraft:brown_bed":5,"minecraft:wither_rose":2,"minecraft:enchanted_book":6,"tombstone:grave_key":1,"minecraft:brewing_stand":2,"piglin_expansion:basaltic_blackstone":1,"minecraft:string":309,"minecraft:red_nether_bricks":1,"minecraft:iron_leggings":4,"alexsmobs:blood_sac":8,"minecraft:cobbled_deepslate":569,"minecraft:spruce_planks":77,"minecraft:calcite":24,"minecraft:iron_pickaxe":7,"minecraft:enchanted_golden_apple":1,"minecraft:furnace":14,"minecraft:iron_boots":4,"minecraft:dark_oak_door":6,"minecraft:stick":6,"iceandfire:ghost_chest":3,"minecraft:torch":19,"minecraft:porkchop":6,"tombstone:grave_dust":19,"minecraft:rotten_flesh":32,"alexsmobs:flying_fish_boots":1,"minecraft:blue_dye":1,"minecraft:red_tulip":3,"minecraft:blaze_rod":5,"minecraft:obsidian":27,"minecraft:blaze_powder":10,"minecraft:cobblestone":304,"minecraft:birch_log":3,"minecraft:magma_block":21,"minecraft:cooked_beef":1,"minecraft:feather":2,"minecraft:andesite":101,"minecraft:smoker":2,"minecraft:potato":83,"paraglider:spirit_orb":24,"minecraft:flint":1,"minecraft:tuff":228,"minecraft:lapis_lazuli":34,"minecraft:dirt":40,"minecraft:bone":52,"minecraft:bow":4,"minecraft:orange_tulip":6,"minecraft:wheat_seeds":1,"minecraft:raw_gold":73,"magistuarmory:netherite_zweihander":1,"minecraft:oak_planks":11,"nethers_exoticism:bouddha_s_hand":1,"minecraft:cooked_porkchop":10,"minecraft:poisonous_potato":8,"minecraft:stripped_spruce_log":7,"minecraft:dark_oak_log":58,"alexsmobs:animal_dictionary":3,"minecraft:mossy_cobblestone":1,"tombstone:book_of_disenchantment":3,"minecraft:diamond":93,"comforts:sleeping_bag_blue":3,"minecraft:spruce_boat":1,"magistuarmory:leather_strip":10,"minecraft:cracked_polished_blackstone_bricks":4,"minecraft:crossbow":2,"magistuarmory:wood_pavese":2,"minecraft:bread":27,"minecraft:netherrack":1126,"minecraft:crimson_roots":6,"minecraft:diamond_pickaxe":8,"iceandfire:copper_ingot":1,"minecraft:crafting_table":22,"iceandfire:witherbone":1,"minecraft:chicken":3,"minecraft:clay_ball":8,"minecraft:wooden_pickaxe":2,"minecraft:cooked_rabbit":3,"minecraft:gold_block":4,"minecraft:shield":1,"iceandfire:sea_serpent_scales_blue":1,"minecraft:iron_axe":1,"minecraft:blackstone":45,"tombstone:strange_scroll":3,"comforts:sleeping_bag_magenta":4,"minecraft:oak_boat":1,"minecraft:poppy":15,"piglin_expansion:golden_stick":2,"minecraft:spruce_slab":5,"minecraft:sugar_cane":112,"minecraft:chest":12,"minecraft:spruce_trapdoor":1,"minecraft:egg":4,"minecraft:raw_iron":63,"iceandfire:dragonbone":1,"minecraft:spruce_fence":2,"sophisticatedbackpacks:backpack":4,"minecraft:polished_blackstone_bricks":1,"minecraft:prismarine_crystals":1,"minecraft:iron_horse_armor":3,"minecraft:dark_oak_planks":11,"minecraft:weeping_vines":2,"minecraft:arrow":5,"nethers_exoticism:pitaya_stem":2,"minecraft:hay_block":8,"comforts:sleeping_bag_red":1,"minecraft:saddle":5,"minecraft:gold_ingot":14,"paraglider:horned_statue":2,"minecraft:mutton":8,"minecraft:white_wool":4,"iceandfire:sea_serpent_fang":4,"minecraft:glow_ink_sac":9,"minecraft:crimson_stem":1,"minecraft:leather":14,"minecraft:crimson_fungus":1,"minecraft:oak_log":4,"minecraft:ancient_debris":12,"minecraft:gunpowder":12,"mca:book_romance":1,"alexsmobs:mosquito_proboscis":2,"minecraft:red_nether_brick_stairs":4,"minecraft:iron_ingot":10,"minecraft:stone_pickaxe":1,"minecraft:soul_sand":27,"minecraft:dark_oak_stairs":1,"minecraft:book":8,"minecraft:oak_slab":1,"minecraft:smooth_basalt":1,"minecraft:dark_oak_slab":1,"minecraft:birch_boat":4,"minecraft:sweet_berries":42,"minecraft:quartz":12,"minecraft:raw_iron_block":1,"minecraft:gravel":33,"minecraft:spruce_sapling":2,"minecraft:spruce_log":69,"nethers_exoticism:pitaya":2,"minecraft:spruce_door":7,"minecraft:spider_eye":3,"minecraft:stone_axe":6,"tombstone:scroll_of_knowledge":1,"minecraft:iron_helmet":11,"minecraft:diamond_axe":1,"iceandfire:sea_serpent_scales_red":1,"minecraft:baked_potato":2,"minecraft:black_wool":1,"minecraft:coal":12},"minecraft:custom":{"minecraft:interact_with_crafting_table":107,"minecraft:open_barrel":4,"minecraft:leave_game":9,"minecraft:time_since_death":79640,"minecraft:sprint_one_cm":887684,"minecraft:damage_blocked_by_shield":1836,"minecraft:drop":188,"minecraft:play_time":513428,"minecraft:deaths":42,"tombstone:tomb_raiding":1,"minecraft:jump":10039,"minecraft:walk_on_water_one_cm":131867,"minecraft:interact_with_furnace":145,"minecraft:sleep_in_bed":5,"minecraft:damage_dealt":23373,"minecraft:player_kills":2,"minecraft:crouch_one_cm":90124,"tombstone:undead_killed":45,"minecraft:interact_with_smoker":17,"minecraft:interact_with_smithing_table":11,"minecraft:mob_kills":117,"minecraft:damage_dealt_resisted":113,"minecraft:climb_one_cm":12047,"minecraft:walk_one_cm":845534,"minecraft:damage_dealt_absorbed":119,"minecraft:sneak_time":44073,"minecraft:walk_under_water_one_cm":61603,"minecraft:boat_one_cm":569779,"minecraft:total_world_time":513428,"minecraft:interact_with_grindstone":1,"minecraft:time_since_rest":79707,"minecraft:damage_taken":16389,"minecraft:trigger_trapped_chest":3,"minecraft:swim_one_cm":229624,"minecraft:fly_one_cm":1691855,"minecraft:open_chest":246,"minecraft:fall_one_cm":235920},"minecraft:crafted":{"magistuarmory:netherite_zweihander":1,"minecraft:oak_planks":16,"minecraft:cooked_chicken":5,"minecraft:blaze_powder":10,"minecraft:birch_boat":2,"minecraft:cooked_mutton":7,"magistuarmory:diamond_zweihander":1,"minecraft:dark_oak_door":3,"minecraft:diamond_helmet":1,"minecraft:diamond_leggings":1,"minecraft:iron_boots":1,"minecraft:chest":5,"magistuarmory:diamond_shortsword":1,"sophisticatedbackpacks:backpack":3,"minecraft:cooked_porkchop":3,"minecraft:diamond_axe":1,"minecraft:crafting_table":3,"minecraft:spruce_planks":292,"minecraft:iron_helmet":1,"minecraft:wooden_pickaxe":3,"minecraft:baked_potato":57,"minecraft:spruce_door":3,"minecraft:smithing_table":1,"minecraft:birch_planks":12,"minecraft:iron_chestplate":1,"minecraft:diamond_pickaxe":3,"minecraft:shield":2,"sophisticatedbackpacks:diamond_backpack":2,"minecraft:stick":32,"minecraft:iron_ingot":73,"minecraft:iron_pickaxe":2,"minecraft:gold_ingot":73,"minecraft:netherite_ingot":3,"magistuarmory:leather_strip":12,"minecraft:raw_iron":9,"minecraft:fishing_rod":1,"minecraft:furnace":3,"minecraft:flint_and_steel":1,"minecraft:netherite_chestplate":1,"magistuarmory:hilt":2,"minecraft:iron_axe":2,"minecraft:stone_pickaxe":2,"minecraft:diamond_boots":1,"minecraft:spruce_boat":1,"minecraft:netherite_scrap":12,"minecraft:dark_oak_planks":232,"sophisticatedbackpacks:iron_backpack":2,"iceandfire:tide_trident":1,"sophisticatedbackpacks:gold_backpack":2,"minecraft:bucket":6,"minecraft:stone_axe":1,"minecraft:air":0,"minecraft:iron_leggings":1,"minecraft:torch":8,"minecraft:diamond_chestplate":1},"minecraft:used":{"iceandfire:tide_trident":7,"minecraft:spruce_slab":3,"minecraft:chest":4,"minecraft:shield":43,"minecraft:rotten_flesh":18,"minecraft:mutton":1,"minecraft:tuff":10,"minecraft:stripped_spruce_log":1,"minecraft:obsidian":13,"minecraft:spruce_boat":2,"minecraft:lava_bucket":53,"iceandfire:ghost_chest":1,"minecraft:iron_helmet":1,"nethers_exoticism:bouddha_s_hand":1,"minecraft:sweet_berries":46,"minecraft:furnace":7,"minecraft:potato":41,"minecraft:dark_oak_stairs":1,"minecraft:spruce_door":1,"minecraft:oak_planks":1,"minecraft:stone_pickaxe":210,"minecraft:blackstone":5,"alexsmobs:flying_fish_boots":1,"minecraft:wooden_pickaxe":34,"minecraft:diamond_axe":255,"magistuarmory:netherite_zweihander":116,"minecraft:bread":19,"tombstone:grave_key":34,"minecraft:smithing_table":2,"minecraft:cooked_rabbit":2,"minecraft:flint_and_steel":2,"minecraft:spruce_planks":32,"minecraft:cooked_chicken":3,"minecraft:netherrack":473,"minecraft:torch":18,"minecraft:dirt":46,"minecraft:iron_axe":54,"minecraft:oak_stairs":1,"minecraft:smooth_basalt":1,"tombstone:gift":12,"minecraft:cooked_beef":2,"minecraft:cobbled_deepslate":381,"minecraft:brown_bed":2,"minecraft:calcite":14,"minecraft:cooked_mutton":8,"minecraft:water_bucket":152,"tombstone:scroll_of_knowledge":1,"minecraft:baked_potato":18,"minecraft:birch_boat":4,"minecraft:oak_slab":1,"minecraft:crafting_table":20,"comforts:sleeping_bag_magenta":4,"minecraft:dark_oak_door":7,"minecraft:diamond_pickaxe":1915,"minecraft:iron_pickaxe":225,"magistuarmory:wood_pavese":7,"minecraft:suspicious_stew":4,"minecraft:spruce_trapdoor":1,"minecraft:spruce_sapling":2,"minecraft:stone_axe":23,"minecraft:fishing_rod":1,"minecraft:cobblestone":27,"minecraft:cooked_porkchop":13,"minecraft:bucket":208,"alexsmobs:animal_dictionary":2},"minecraft:killed":{"minecraft:spider":2,"minecraft:zombie_horse":2,"minecraft:skeleton":5,"alexsmobs:orca":1,"minecraft:chicken":3,"minecraft:silverfish":4,"minecraft:piglin_brute":2,"minecraft:piglin":5,"minecraft:creeper":2,"alexsmobs:crimson_mosquito":3,"minecraft:sheep":5,"minecraft:zombie":31,"minecraft:blaze":22,"iceandfire:siren":1,"minecraft:hoglin":5,"iceandfire:ghost":3,"alexsmobs:crow":1,"minecraft:wither_skeleton":4},"minecraft:mined":{"minecraft:spruce_planks":11,"minecraft:red_nether_bricks":1,"minecraft:brewing_stand":1,"minecraft:obsidian":28,"minecraft:spruce_trapdoor":1,"minecraft:grass_block":5,"minecraft:cracked_polished_blackstone_bricks":1,"minecraft:spawner":9,"minecraft:polished_blackstone_bricks":1,"minecraft:weeping_vines_plant":1,"minecraft:magma_block":21,"minecraft:raw_iron_block":1,"minecraft:mossy_cobblestone_slab":1,"minecraft:red_nether_brick_stairs":2,"minecraft:iron_ore":23,"minecraft:cobbled_deepslate":10,"minecraft:fire":7,"minecraft:deepslate_lapis_ore":1,"piglin_expansion:basalt_quadratiles":1,"minecraft:dark_oak_stairs":1,"minecraft:brown_bed":3,"minecraft:red_tulip":4,"minecraft:oak_stairs":1,"minecraft:spruce_slab":5,"minecraft:blackstone":23,"minecraft:smoker":1,"minecraft:crimson_nylium":11,"minecraft:soul_fire":11,"minecraft:clay":1,"minecraft:calcite":43,"minecraft:poppy":2,"iceandfire:ghost_chest":2,"minecraft:chest":6,"minecraft:nether_quartz_ore":9,"minecraft:cobblestone":9,"minecraft:sugar_cane":62,"minecraft:oak_planks":12,"minecraft:wall_torch":1,"minecraft:seagrass":1,"minecraft:dark_oak_slab":1,"minecraft:dark_oak_door":6,"minecraft:birch_log":3,"paraglider:horned_statue":1,"minecraft:grass":28,"minecraft:oak_log":4,"nethers_exoticism:pitaya_stem":2,"minecraft:dirt":22,"nethers_exoticism:bouddha_s_hand_block":1,"minecraft:smooth_basalt":2,"minecraft:netherrack":888,"minecraft:ancient_debris":12,"minecraft:oak_leaves":1,"minecraft:deepslate":553,"minecraft:infested_deepslate":2,"minecraft:tuff":40,"piglin_expansion:basaltic_blackstone":2,"minecraft:mossy_cobblestone":2,"minecraft:deepslate_diamond_ore":76,"minecraft:dark_oak_log":62,"minecraft:ladder":1,"minecraft:crimson_roots":2,"comforts:sleeping_bag_magenta":1,"minecraft:spruce_leaves":10,"minecraft:crimson_stem":1,"minecraft:hay_block":8,"minecraft:spruce_sapling":1,"minecraft:furnace":7,"minecraft:andesite":101,"minecraft:stripped_spruce_log":6,"minecraft:gold_block":4,"minecraft:potatoes":25,"minecraft:deepslate_iron_ore":42,"minecraft:vine":7,"minecraft:stone":205,"minecraft:smithing_table":2,"minecraft:oak_slab":1,"minecraft:glass_pane":2,"minecraft:soul_sand":27,"minecraft:spruce_door":1,"minecraft:crafting_table":21,"minecraft:deepslate_gold_ore":65,"minecraft:sweet_berry_bush":18,"minecraft:spruce_log":70,"minecraft:coal_ore":6,"minecraft:gravel":12,"minecraft:gold_ore":8,"minecraft:fern":1},"minecraft:dropped":{"minecraft:crimson_stem":1,"minecraft:diamond_axe":1,"minecraft:baked_potato":2,"minecraft:glow_ink_sac":3,"minecraft:diamond":7,"minecraft:crossbow":2,"minecraft:dark_oak_slab":1,"minecraft:orange_tulip":2,"minecraft:leather":2,"minecraft:iron_horse_armor":1,"magistuarmory:netherite_zweihander":1,"alexsmobs:flying_fish_boots":1,"paraglider:spirit_orb":2,"minecraft:cracked_polished_blackstone_bricks":2,"minecraft:iron_pickaxe":3,"minecraft:gold_ingot":13,"minecraft:bone":14,"minecraft:crimson_fungus":1,"minecraft:stone_axe":3,"minecraft:sugar_cane":17,"alexsmobs:animal_dictionary":2,"minecraft:cobbled_deepslate":9,"minecraft:wheat":2,"minecraft:obsidian":2,"paraglider:horned_statue":2,"minecraft:rotten_flesh":5,"minecraft:enchanted_golden_apple":1,"minecraft:poppy":7,"minecraft:quartz":6,"minecraft:netherrack":273,"minecraft:iron_ingot":5,"minecraft:wheat_seeds":1,"minecraft:poisonous_potato":4,"minecraft:prismarine_shard":3,"minecraft:lead":4,"minecraft:iron_helmet":4,"minecraft:cobblestone":131,"minecraft:prismarine_crystals":1,"minecraft:spruce_door":3,"minecraft:stick":6,"minecraft:torch":5,"tombstone:grave_key":1,"minecraft:wooden_axe":1,"tombstone:grave_dust":9,"minecraft:wither_rose":2,"nethers_exoticism:pitaya_stem":2,"minecraft:string":44,"minecraft:bowl":2,"minecraft:tuff":180,"iceandfire:witherbone":1,"minecraft:spruce_fence":2,"minecraft:red_nether_brick_stairs":4,"minecraft:diamond_pickaxe":7,"minecraft:andesite":1,"minecraft:oak_boat":1,"minecraft:brown_bed":1,"minecraft:birch_boat":2,"minecraft:bow":2,"minecraft:stone_pickaxe":2,"minecraft:wooden_pickaxe":4,"minecraft:red_tulip":2,"iceandfire:sea_serpent_fang":1},"minecraft:broken":{"minecraft:stone_pickaxe":1},"minecraft:killed_by":{"minecraft:creeper":2,"iceandfire:siren":1,"minecraft:cave_spider":3,"minecraft:blaze":3,"minecraft:zombie":6,"minecraft:player":10,"minecraft:hoglin":1,"minecraft:skeleton":7}},"DataVersion":2975}