{"stats":{"minecraft:dropped":{"minecraft:iron_sword":1,"minecraft:moss_block":4,"minecraft:porkchop":1,"tombstone:strange_scroll":1,"minecraft:cooked_beef":1,"minecraft:baked_potato":1,"minecraft:crossbow":1,"minecraft:raw_gold_block":3,"minecraft:dirt":6,"minecraft:mutton":1,"minecraft:cracked_deepslate_tiles":3,"minecraft:birch_log":2,"minecraft:bone":21,"minecraft:gravel":1,"minecraft:stone_axe":1,"minecraft:blackstone":2,"minecraft:cobbled_deepslate":21,"comforts:sleeping_bag_magenta":1,"tombstone:impregnated_diamond":1,"minecraft:rotten_flesh":17,"minecraft:oak_planks":20,"minecraft:light_gray_carpet":7,"magistuarmory:diamond_stylet":1,"minecraft:salmon":1,"minecraft:carrot":1,"minecraft:chiseled_stone_bricks":1,"minecraft:leather_chestplate":1,"minecraft:gunpowder":1,"minecraft:skull_banner_pattern":1,"minecraft:melon_seeds":20,"minecraft:iron_bars":1,"minecraft:arrow":3,"minecraft:beef":1,"minecraft:enchanted_book":1,"minecraft:oak_slab":1,"minecraft:cobblestone":131,"minecraft:amethyst_block":7,"minecraft:coal":10,"minecraft:golden_apple":1,"illagerinvasion:platinum_chunk":24,"minecraft:cooked_salmon":3,"tombstone:grave_dust":6,"minecraft:flowering_azalea":1,"minecraft:white_banner":2,"minecraft:string":6,"minecraft:gray_carpet":2,"minecraft:spruce_sapling":6,"minecraft:furnace":1,"minecraft:moss_carpet":1,"minecraft:cocoa_beans":13,"minecraft:raw_copper":5,"minecraft:clay_ball":6,"alexsmobs:bear_fur":2,"minecraft:pumpkin_seeds":1,"minecraft:diamond_sword":1,"minecraft:cobblestone_slab":1,"minecraft:potato":1,"minecraft:red_sand":3,"minecraft:bow":1,"minecraft:stone_pickaxe":1,"minecraft:calcite":35},"minecraft:used":{"minecraft:moss_block":2,"minecraft:writable_book":2,"minecraft:shield":46,"minecraft:iron_sword":123,"minecraft:tuff":7,"minecraft:spruce_boat":16,"minecraft:sweet_berries":3,"minecraft:furnace":10,"minecraft:cooked_cod":7,"minecraft:potato":1,"minecraft:stone_pickaxe":215,"minecraft:golden_apple":1,"minecraft:black_bed":2,"minecraft:shears":19,"minecraft:bread":14,"tombstone:grave_key":5,"minecraft:diamond_sword":1,"minecraft:cooked_rabbit":1,"minecraft:coarse_dirt":3,"minecraft:spruce_planks":1,"minecraft:cooked_chicken":3,"minecraft:torch":173,"minecraft:dirt":6,"magistuarmory:diamond_stylet":2,"minecraft:red_tulip":1,"tombstone:gift":10,"minecraft:cooked_beef":5,"minecraft:cobbled_deepslate":38,"minecraft:cooked_mutton":4,"minecraft:water_bucket":2,"minecraft:birch_planks":1,"minecraft:baked_potato":22,"minecraft:deepslate_bricks":3,"minecraft:mossy_cobblestone":10,"minecraft:crafting_table":22,"magistuarmory:diamond_zweihander":245,"comforts:sleeping_bag_magenta":1,"tombstone:bag_of_seeds":4,"minecraft:diamond_pickaxe":310,"minecraft:iron_pickaxe":255,"tombstone:magic_scroll":1,"minecraft:stone_axe":48,"minecraft:cobblestone":72,"minecraft:purple_bed":2,"minecraft:white_banner":2,"minecraft:cooked_porkchop":18,"minecraft:bucket":3,"alexsmobs:animal_dictionary":1},"minecraft:broken":{"minecraft:iron_chestplate":1,"minecraft:stone_pickaxe":1,"minecraft:iron_pickaxe":1,"minecraft:iron_helmet":1},"minecraft:killed_by":{"minecraft:creeper":2,"iceandfire:fire_dragon":3,"betteranimalsplus:shark":1,"minecraft:skeleton":2},"minecraft:crafted":{"minecraft:oak_planks":24,"minecraft:cooked_chicken":3,"minecraft:cooked_mutton":2,"magistuarmory:diamond_zweihander":1,"minecraft:iron_boots":1,"magistuarmory:diamond_shortsword":1,"sophisticatedbackpacks:backpack":1,"minecraft:emerald":72,"magistuarmory:diamond_stylet":1,"minecraft:cooked_porkchop":10,"minecraft:crafting_table":3,"minecraft:spruce_planks":60,"minecraft:baked_potato":29,"minecraft:iron_helmet":1,"minecraft:birch_planks":20,"minecraft:iron_chestplate":1,"minecraft:diamond_pickaxe":1,"minecraft:emerald_block":12,"minecraft:shield":2,"minecraft:stick":104,"minecraft:iron_ingot":32,"minecraft:iron_pickaxe":1,"iceandfire:armor_bronze_helmet":1,"minecraft:shears":1,"magistuarmory:leather_strip":6,"minecraft:furnace":2,"magistuarmory:hilt":3,"minecraft:diamond":9,"minecraft:stone_pickaxe":1,"minecraft:diamond_boots":1,"iceandfire:armor_bronze_chestplate":1,"minecraft:spruce_boat":3,"minecraft:dark_oak_planks":8,"minecraft:wheat":36,"minecraft:cooked_beef":13,"paraglider:paraglider":1,"minecraft:diamond_sword":1,"minecraft:iron_sword":1,"minecraft:bucket":1,"minecraft:bread":14,"minecraft:torch":176},"minecraft:killed":{"minecraft:spider":6,"minecraft:skeleton":24,"minecraft:chicken":5,"betteranimalsplus:goose":4,"minecraft:silverfish":4,"alexsmobs:centipede_head":1,"minecraft:pig":5,"alexsmobs:grizzly_bear":2,"minecraft:creeper":4,"minecraft:sheep":3,"minecraft:pillager":32,"minecraft:zombie":19,"minecraft:cow":9,"betteranimalsplus:boar":5,"iceandfire:fire_dragon":1,"minecraft:drowned":1,"iceandfire:ghost":3,"alexsmobs:crow":2,"minecraft:enderman":4},"minecraft:custom":{"minecraft:interact_with_crafting_table":64,"minecraft:open_barrel":3,"minecraft:leave_game":2,"minecraft:time_since_death":15591,"minecraft:sprint_one_cm":554892,"minecraft:damage_blocked_by_shield":1035,"minecraft:drop":105,"minecraft:play_time":299762,"minecraft:deaths":9,"minecraft:jump":4087,"minecraft:walk_on_water_one_cm":59487,"minecraft:interact_with_furnace":49,"minecraft:sleep_in_bed":4,"minecraft:damage_dealt":27684,"minecraft:crouch_one_cm":4815,"tombstone:undead_killed":47,"minecraft:interact_with_smoker":7,"minecraft:mob_kills":141,"minecraft:interact_with_campfire":8,"minecraft:climb_one_cm":8069,"minecraft:walk_one_cm":1047673,"minecraft:sneak_time":1754,"minecraft:walk_under_water_one_cm":68379,"minecraft:boat_one_cm":285672,"minecraft:total_world_time":299762,"tombstone:raider_killed":32,"minecraft:time_since_rest":3127,"minecraft:damage_taken":8113,"minecraft:damage_absorbed":40,"minecraft:trigger_trapped_chest":3,"minecraft:swim_one_cm":128769,"minecraft:fly_one_cm":498895,"minecraft:open_chest":87,"minecraft:fall_one_cm":91128},"minecraft:picked_up":{"minecraft:iron_chestplate":1,"illagerinvasion:platinum_chunk":28,"iceandfire:copper_ore":1,"minecraft:enchanted_book":4,"minecraft:amethyst_block":7,"minecraft:polished_deepslate":1,"minecraft:string":23,"minecraft:raw_copper":5,"minecraft:cooked_salmon":3,"minecraft:red_sand":3,"minecraft:deepslate_tiles":4,"minecraft:cobbled_deepslate":95,"minecraft:cobblestone_slab":1,"minecraft:calcite":35,"minecraft:furnace":11,"minecraft:stick":2,"minecraft:polished_deepslate_stairs":3,"minecraft:torch":16,"iceandfire:silver_ore":2,"minecraft:porkchop":26,"tombstone:grave_dust":9,"alexsmobs:centipede_leg":1,"minecraft:rotten_flesh":20,"iceandfire:fire_dragon_heart":1,"minecraft:red_tulip":1,"minecraft:iron_bars":3,"minecraft:cobblestone":210,"minecraft:birch_log":7,"minecraft:mossy_cobblestone_slab":1,"minecraft:feather":3,"minecraft:cooked_beef":2,"minecraft:black_bed":3,"minecraft:potato":37,"alexsmobs:bear_fur":2,"paraglider:spirit_orb":20,"minecraft:tuff":8,"iceandfire:dragonscales_bronze":13,"minecraft:dirt":17,"minecraft:bone":30,"minecraft:bow":1,"minecraft:raw_gold":6,"minecraft:moss_block":10,"minecraft:cooked_porkchop":8,"iceandfire:dragon_skull_fire":1,"iceandfire:shiny_scales":1,"minecraft:diamond_block":1,"minecraft:dark_oak_log":2,"minecraft:mossy_cobblestone":13,"minecraft:diamond":4,"minecraft:spruce_boat":13,"minecraft:crossbow":1,"minecraft:emerald":16,"minecraft:light_gray_carpet":7,"minecraft:coarse_dirt":3,"minecraft:cocoa_beans":13,"minecraft:crafting_table":20,"minecraft:chicken":5,"minecraft:clay_ball":6,"minecraft:brown_mushroom":1,"minecraft:gold_block":31,"minecraft:moss_carpet":1,"tombstone:impregnated_diamond":1,"minecraft:blackstone":2,"tombstone:strange_scroll":1,"comforts:sleeping_bag_magenta":2,"minecraft:beef":23,"minecraft:chest":1,"minecraft:birch_sapling":1,"minecraft:raw_iron":78,"iceandfire:dragonbone":10,"minecraft:polished_deepslate_slab":6,"minecraft:raw_gold_block":3,"minecraft:carrot":2,"minecraft:redstone":36,"minecraft:cooked_cod":1,"minecraft:arrow":14,"minecraft:deepslate_bricks":3,"minecraft:hay_block":4,"minecraft:cracked_deepslate_bricks":1,"minecraft:yellow_terracotta":1,"minecraft:mutton":7,"minecraft:white_wool":6,"minecraft:cracked_deepslate_tiles":3,"minecraft:salmon":1,"minecraft:leather":10,"minecraft:birch_planks":1,"minecraft:oak_log":6,"minecraft:gunpowder":2,"tombstone:gift":1,"minecraft:white_banner":4,"minecraft:gray_carpet":1,"minecraft:stone_pickaxe":2,"tombstone:bag_of_seeds":1,"iceandfire:fire_dragon_flesh":5,"minecraft:flowering_azalea":1,"minecraft:oak_slab":1,"minecraft:emerald_block":8,"minecraft:sweet_berries":3,"minecraft:chiseled_stone_bricks":1,"minecraft:gravel":1,"minecraft:red_banner":1,"minecraft:spruce_sapling":5,"minecraft:spruce_log":15,"minecraft:pumpkin_seeds":2,"minecraft:purple_bed":2,"minecraft:stone_axe":1,"minecraft:iron_helmet":1,"tombstone:magic_scroll":1,"minecraft:baked_potato":1,"minecraft:melon_seeds":20,"minecraft:coal":84,"minecraft:ender_pearl":3},"minecraft:mined":{"minecraft:large_amethyst_bud":1,"iceandfire:graveyard_soil":1,"minecraft:budding_amethyst":1,"minecraft:grass_block":10,"minecraft:light_gray_bed":1,"minecraft:deepslate_bricks":3,"minecraft:chiseled_stone_bricks":1,"minecraft:spawner":10,"minecraft:mossy_cobblestone_slab":2,"minecraft:iron_ore":39,"minecraft:deepslate_lapis_ore":5,"minecraft:red_tulip":1,"minecraft:cave_vines":6,"minecraft:polished_deepslate_slab":15,"minecraft:iron_bars":14,"minecraft:deepslate_redstone_ore":12,"minecraft:dead_bubble_coral_block":2,"minecraft:exposed_copper":3,"minecraft:polished_deepslate_stairs":6,"minecraft:torch":5,"minecraft:calcite":35,"minecraft:chest":1,"minecraft:cobblestone":19,"minecraft:wall_torch":6,"minecraft:amethyst_block":7,"minecraft:seagrass":1,"minecraft:birch_log":7,"minecraft:black_bed":3,"minecraft:grass":1,"minecraft:cracked_deepslate_tiles":5,"minecraft:oak_log":6,"minecraft:dirt":6,"minecraft:deepslate":144,"minecraft:emerald_block":8,"minecraft:deepslate_tiles":8,"minecraft:tuff":16,"iceandfire:silver_ore":2,"minecraft:mossy_cobblestone":16,"minecraft:deepslate_diamond_ore":4,"minecraft:candle":1,"minecraft:dark_oak_log":2,"minecraft:weathered_copper":3,"minecraft:spruce_leaves":16,"minecraft:moss_block":10,"minecraft:large_fern":1,"minecraft:hay_block":10,"minecraft:furnace":10,"iceandfire:copper_ore":1,"minecraft:raw_gold_block":8,"minecraft:andesite":3,"minecraft:diamond_block":1,"minecraft:chiseled_deepslate":2,"minecraft:gold_block":32,"minecraft:polished_deepslate":3,"minecraft:mossy_stone_brick_stairs":2,"minecraft:deepslate_iron_ore":41,"minecraft:cobblestone_slab":1,"minecraft:vine":22,"minecraft:stone":190,"minecraft:podzol":1,"minecraft:light_gray_carpet":8,"minecraft:crafting_table":19,"minecraft:tall_grass":5,"minecraft:copper_ore":1,"minecraft:deepslate_coal_ore":2,"minecraft:deepslate_gold_ore":6,"minecraft:birch_planks":1,"minecraft:purple_bed":2,"minecraft:coarse_dirt":3,"minecraft:spruce_log":16,"minecraft:birch_leaves":1,"minecraft:red_wall_banner":1,"minecraft:coal_ore":54,"minecraft:gravel":1,"minecraft:gray_carpet":1,"minecraft:cobweb":20,"minecraft:stone_bricks":1,"minecraft:small_dripleaf":1,"minecraft:mossy_stone_bricks":1,"minecraft:iron_trapdoor":2}},"DataVersion":2975}