{"stats":{"minecraft:picked_up":{"minecraft:iron_chestplate":1,"illagerinvasion:platinum_chunk":32,"iceandfire:copper_ore":4,"minecraft:potion":1,"minecraft:enchanted_book":7,"minecraft:nether_brick":28,"minecraft:amethyst_block":7,"minecraft:polished_deepslate":1,"minecraft:string":55,"minecraft:raw_copper":12,"minecraft:cooked_salmon":3,"minecraft:deepslate_tiles":4,"alexsmobs:blood_sac":8,"minecraft:red_sand":3,"minecraft:gold_nugget":1,"minecraft:cobbled_deepslate":102,"minecraft:cobblestone_slab":1,"minecraft:calcite":35,"minecraft:furnace":12,"minecraft:stick":2,"minecraft:polished_deepslate_stairs":3,"minecraft:torch":28,"iceandfire:silver_ore":7,"minecraft:porkchop":46,"tombstone:grave_dust":16,"alexsmobs:centipede_leg":1,"minecraft:rotten_flesh":63,"iceandfire:fire_dragon_heart":1,"minecraft:red_tulip":1,"minecraft:blaze_rod":5,"minecraft:obsidian":3,"minecraft:iron_bars":3,"minecraft:blaze_powder":4,"minecraft:cobblestone":521,"minecraft:birch_log":7,"minecraft:mossy_cobblestone_slab":1,"minecraft:feather":3,"minecraft:cooked_beef":11,"minecraft:andesite":1,"minecraft:black_bed":3,"minecraft:potato":37,"alexsmobs:bear_fur":11,"paraglider:spirit_orb":22,"minecraft:tuff":8,"iceandfire:dragonscales_bronze":13,"minecraft:lapis_lazuli":91,"minecraft:dirt":54,"minecraft:bone":52,"minecraft:bow":4,"minecraft:raw_gold":6,"minecraft:moss_block":10,"minecraft:cooked_porkchop":14,"iceandfire:dragon_skull_fire":1,"iceandfire:shiny_scales":1,"minecraft:grass_block":1,"minecraft:diamond_block":1,"minecraft:spectral_arrow":24,"minecraft:dark_oak_log":2,"minecraft:mossy_cobblestone":16,"tombstone:familiar_stone":1,"minecraft:diamond":4,"minecraft:spruce_boat":16,"minecraft:crossbow":1,"minecraft:emerald":16,"minecraft:light_gray_carpet":7,"minecraft:netherrack":27,"minecraft:coarse_dirt":3,"minecraft:cocoa_beans":13,"minecraft:crafting_table":21,"minecraft:chicken":5,"minecraft:clay_ball":6,"minecraft:brown_mushroom":1,"minecraft:gold_block":32,"minecraft:moss_carpet":1,"alexsmobs:pigshoes":2,"tombstone:impregnated_diamond":1,"minecraft:blackstone":53,"tombstone:strange_scroll":1,"comforts:sleeping_bag_magenta":2,"minecraft:beef":23,"minecraft:oak_boat":4,"minecraft:iron_nugget":22,"minecraft:chest":1,"minecraft:birch_sapling":1,"minecraft:raw_iron":175,"iceandfire:dragonbone":16,"minecraft:polished_deepslate_slab":6,"minecraft:stone":3,"minecraft:raw_gold_block":3,"sophisticatedbackpacks:backpack":1,"minecraft:fire_charge":7,"minecraft:carrot":2,"minecraft:redstone":80,"iceandfire:dragon_skull_ice":1,"iceandfire:cyclops_eye":1,"minecraft:arrow":33,"minecraft:cooked_cod":1,"minecraft:deepslate_bricks":3,"minecraft:hay_block":4,"minecraft:cracked_deepslate_bricks":1,"minecraft:yellow_terracotta":1,"minecraft:gold_ingot":10,"minecraft:mutton":17,"minecraft:white_wool":15,"minecraft:cracked_deepslate_tiles":3,"minecraft:air":0,"minecraft:salmon":1,"minecraft:leather":39,"minecraft:birch_planks":1,"minecraft:oak_log":8,"minecraft:nether_wart_block":2,"minecraft:gunpowder":6,"minecraft:blue_bed":1,"minecraft:white_banner":4,"tombstone:gift":1,"minecraft:gray_carpet":1,"minecraft:iron_ingot":2,"minecraft:stone_pickaxe":2,"tombstone:bag_of_seeds":1,"minecraft:glass_bottle":1,"minecraft:flowering_azalea":1,"iceandfire:fire_dragon_flesh":5,"minecraft:soul_sand":30,"minecraft:oak_slab":1,"minecraft:emerald_block":8,"minecraft:sweet_berries":3,"minecraft:chiseled_stone_bricks":1,"minecraft:quartz":1,"minecraft:gravel":86,"minecraft:spruce_sapling":5,"minecraft:red_banner":1,"minecraft:spruce_log":28,"minecraft:crying_obsidian":5,"minecraft:spider_eye":4,"betteranimalsplus:eel_meat_raw":2,"minecraft:pumpkin_seeds":2,"minecraft:purple_bed":2,"minecraft:stone_axe":1,"minecraft:iron_helmet":1,"minecraft:baked_potato":50,"tombstone:magic_scroll":2,"minecraft:melon_seeds":20,"minecraft:coal":129,"minecraft:ender_pearl":13},"minecraft:custom":{"minecraft:interact_with_crafting_table":85,"minecraft:open_barrel":3,"minecraft:leave_game":8,"minecraft:time_since_death":6378,"minecraft:sprint_one_cm":889152,"minecraft:damage_blocked_by_shield":1270,"minecraft:drop":314,"minecraft:play_time":489299,"minecraft:deaths":15,"minecraft:jump":6804,"minecraft:walk_on_water_one_cm":87051,"minecraft:interact_with_furnace":73,"minecraft:sleep_in_bed":5,"minecraft:damage_dealt":53487,"minecraft:crouch_one_cm":10624,"tombstone:undead_killed":116,"minecraft:interact_with_smoker":7,"minecraft:interact_with_anvil":6,"minecraft:mob_kills":281,"minecraft:interact_with_campfire":21,"minecraft:climb_one_cm":9249,"minecraft:walk_one_cm":1655163,"minecraft:damage_dealt_absorbed":120,"minecraft:sneak_time":4343,"minecraft:walk_under_water_one_cm":83540,"minecraft:boat_one_cm":550187,"minecraft:total_world_time":489299,"tombstone:raider_killed":43,"minecraft:interact_with_grindstone":1,"minecraft:time_since_rest":6398,"minecraft:damage_absorbed":40,"minecraft:damage_taken":13601,"minecraft:trigger_trapped_chest":3,"minecraft:swim_one_cm":174123,"minecraft:fly_one_cm":918180,"minecraft:open_chest":96,"minecraft:fall_one_cm":150460},"minecraft:crafted":{"minecraft:oak_planks":32,"minecraft:cooked_chicken":3,"minecraft:blaze_powder":8,"minecraft:stone":3,"sophisticatedbackpacks:crafting_upgrade":1,"minecraft:cooked_mutton":2,"magistuarmory:diamond_zweihander":1,"minecraft:iron_boots":1,"minecraft:chest":1,"minecraft:cooked_porkchop":10,"sophisticatedbackpacks:backpack":1,"magistuarmory:diamond_shortsword":1,"minecraft:emerald":72,"magistuarmory:diamond_stylet":1,"minecraft:crafting_table":5,"minecraft:spruce_planks":112,"minecraft:iron_helmet":1,"minecraft:baked_potato":29,"minecraft:gold_block":18,"minecraft:birch_planks":20,"sophisticatedbackpacks:upgrade_base":1,"minecraft:golden_leggings":1,"minecraft:iron_chestplate":1,"minecraft:diamond_pickaxe":1,"minecraft:emerald_block":12,"minecraft:shield":2,"minecraft:stick":164,"minecraft:iron_ingot":64,"minecraft:iron_pickaxe":1,"minecraft:iron_block":3,"minecraft:gold_ingot":279,"iceandfire:armor_bronze_helmet":1,"minecraft:shears":1,"magistuarmory:leather_strip":6,"minecraft:furnace":4,"magistuarmory:hilt":3,"minecraft:diamond":9,"minecraft:stone_pickaxe":1,"minecraft:diamond_boots":1,"iceandfire:armor_bronze_chestplate":1,"minecraft:spruce_boat":4,"minecraft:dark_oak_planks":8,"magistuarmory:diamond_flamebladedsword":1,"minecraft:wheat":36,"minecraft:cooked_beef":13,"paraglider:paraglider":1,"minecraft:diamond_sword":1,"minecraft:iron_sword":1,"minecraft:bucket":1,"minecraft:bread":14,"minecraft:oak_boat":1,"minecraft:anvil":1,"minecraft:torch":336},"minecraft:used":{"minecraft:moss_block":2,"minecraft:writable_book":2,"minecraft:shield":51,"minecraft:iron_sword":123,"minecraft:tuff":7,"minecraft:spruce_boat":20,"minecraft:sweet_berries":3,"minecraft:furnace":13,"minecraft:cooked_cod":7,"minecraft:gold_block":1,"minecraft:potato":1,"minecraft:stone_pickaxe":215,"minecraft:ender_pearl":1,"minecraft:blue_bed":1,"minecraft:golden_apple":1,"minecraft:crossbow":18,"minecraft:black_bed":2,"minecraft:shears":19,"minecraft:bread":23,"tombstone:grave_key":12,"betteranimalsplus:eel_meat_raw":2,"minecraft:diamond_sword":1,"minecraft:andesite":1,"minecraft:cooked_rabbit":1,"minecraft:oak_boat":5,"minecraft:coarse_dirt":3,"minecraft:spruce_planks":1,"minecraft:cooked_chicken":3,"minecraft:netherrack":24,"minecraft:anvil":1,"minecraft:torch":364,"minecraft:dirt":6,"magistuarmory:diamond_stylet":2,"minecraft:red_tulip":1,"tombstone:gift":12,"minecraft:cooked_beef":23,"minecraft:cobbled_deepslate":38,"minecraft:cooked_mutton":4,"minecraft:water_bucket":2,"minecraft:birch_planks":1,"minecraft:baked_potato":33,"minecraft:brown_mushroom":1,"minecraft:deepslate_bricks":3,"minecraft:mossy_cobblestone":10,"minecraft:crafting_table":25,"magistuarmory:diamond_zweihander":517,"comforts:sleeping_bag_magenta":1,"magistuarmory:diamond_flamebladedsword":44,"tombstone:bag_of_seeds":4,"minecraft:diamond_pickaxe":994,"minecraft:iron_pickaxe":255,"tombstone:magic_scroll":1,"minecraft:stone_axe":48,"minecraft:potion":2,"minecraft:cobblestone":324,"minecraft:purple_bed":2,"minecraft:white_banner":2,"minecraft:cooked_porkchop":24,"minecraft:bucket":3,"alexsmobs:animal_dictionary":1},"minecraft:killed":{"minecraft:zombified_piglin":5,"minecraft:spider":18,"minecraft:skeleton":46,"minecraft:chicken":5,"betteranimalsplus:goose":4,"minecraft:silverfish":4,"alexsmobs:centipede_head":2,"minecraft:piglin":2,"minecraft:pig":11,"alexsmobs:grizzly_bear":5,"minecraft:creeper":8,"alexsmobs:crimson_mosquito":5,"minecraft:sheep":7,"minecraft:pillager":32,"minecraft:zombie":60,"minecraft:cow":9,"minecraft:blaze":15,"betteranimalsplus:boar":5,"minecraft:horse":1,"iceandfire:fire_dragon":1,"minecraft:drowned":1,"betteranimalsplus:lamprey":1,"iceandfire:cyclops":1,"minecraft:hoglin":5,"iceandfire:ghost":3,"alexsmobs:crow":4,"minecraft:wither_skeleton":1,"minecraft:enderman":9},"minecraft:mined":{"minecraft:large_amethyst_bud":1,"iceandfire:graveyard_soil":1,"minecraft:budding_amethyst":1,"minecraft:grass_block":12,"minecraft:light_gray_bed":1,"minecraft:deepslate_bricks":3,"minecraft:chiseled_stone_bricks":1,"minecraft:spawner":11,"minecraft:mossy_cobblestone_slab":2,"minecraft:iron_ore":97,"minecraft:deepslate_lapis_ore":7,"minecraft:red_tulip":1,"minecraft:cave_vines":6,"minecraft:polished_deepslate_slab":15,"minecraft:iron_bars":14,"minecraft:deepslate_redstone_ore":14,"minecraft:exposed_copper":3,"minecraft:dead_bubble_coral_block":2,"minecraft:polished_deepslate_stairs":6,"minecraft:crimson_nylium":21,"minecraft:torch":8,"minecraft:calcite":40,"minecraft:chest":1,"minecraft:nether_quartz_ore":11,"minecraft:cobblestone":34,"minecraft:wall_torch":9,"minecraft:amethyst_block":7,"minecraft:seagrass":1,"minecraft:nether_wart_block":6,"minecraft:birch_log":7,"minecraft:black_bed":3,"minecraft:grass":1,"minecraft:cracked_deepslate_tiles":5,"minecraft:oak_log":8,"minecraft:dirt":27,"minecraft:smooth_basalt":17,"minecraft:netherrack":116,"minecraft:deepslate":151,"minecraft:emerald_block":8,"minecraft:deepslate_tiles":8,"minecraft:tuff":16,"iceandfire:silver_ore":7,"minecraft:mossy_cobblestone":21,"minecraft:deepslate_diamond_ore":4,"minecraft:candle":1,"minecraft:dark_oak_log":2,"minecraft:nether_bricks":1,"minecraft:weathered_copper":3,"minecraft:crimson_roots":2,"minecraft:spruce_leaves":17,"minecraft:moss_block":10,"minecraft:large_fern":1,"minecraft:hay_block":10,"minecraft:redstone_ore":8,"minecraft:furnace":11,"iceandfire:copper_ore":4,"minecraft:raw_gold_block":8,"minecraft:andesite":12,"minecraft:diamond_block":1,"minecraft:chiseled_deepslate":2,"minecraft:gold_block":33,"minecraft:polished_deepslate":3,"minecraft:mossy_stone_brick_stairs":2,"minecraft:deepslate_iron_ore":41,"minecraft:cobblestone_slab":1,"minecraft:vine":22,"minecraft:stone":497,"minecraft:podzol":1,"minecraft:light_gray_carpet":8,"minecraft:crafting_table":20,"minecraft:copper_ore":3,"minecraft:tall_grass":5,"minecraft:deepslate_coal_ore":2,"minecraft:lapis_ore":12,"minecraft:deepslate_gold_ore":6,"minecraft:blue_bed":1,"minecraft:purple_bed":2,"minecraft:birch_planks":1,"minecraft:coarse_dirt":3,"minecraft:spruce_log":29,"minecraft:birch_leaves":1,"minecraft:red_wall_banner":1,"minecraft:coal_ore":101,"minecraft:gravel":2,"minecraft:gray_carpet":1,"minecraft:cobweb":21,"minecraft:stone_bricks":1,"minecraft:small_dripleaf":1,"minecraft:mossy_stone_bricks":1,"minecraft:iron_trapdoor":2},"minecraft:dropped":{"minecraft:iron_sword":1,"minecraft:moss_block":4,"minecraft:soul_sand":30,"minecraft:porkchop":1,"tombstone:strange_scroll":1,"minecraft:lapis_lazuli":26,"minecraft:cooked_beef":1,"minecraft:baked_potato":5,"minecraft:glass_bottle":1,"minecraft:crossbow":1,"minecraft:leather":1,"minecraft:raw_gold_block":3,"minecraft:dirt":11,"minecraft:mutton":1,"minecraft:cracked_deepslate_tiles":3,"minecraft:birch_log":2,"minecraft:white_wool":9,"minecraft:gold_ingot":156,"minecraft:bone":21,"minecraft:gravel":84,"alexsmobs:centipede_leg":1,"minecraft:stone_axe":1,"minecraft:blackstone":53,"comforts:sleeping_bag_magenta":1,"minecraft:cobbled_deepslate":64,"minecraft:nether_brick":2,"minecraft:wheat":2,"tombstone:impregnated_diamond":1,"minecraft:rotten_flesh":39,"minecraft:oak_planks":21,"minecraft:light_gray_carpet":7,"minecraft:salmon":1,"magistuarmory:diamond_stylet":1,"minecraft:carrot":2,"minecraft:chiseled_stone_bricks":1,"minecraft:leather_chestplate":1,"alexsmobs:blood_sac":4,"minecraft:gunpowder":2,"minecraft:skull_banner_pattern":1,"minecraft:melon_seeds":20,"minecraft:iron_bars":1,"minecraft:arrow":4,"minecraft:beef":1,"minecraft:netherrack":3,"minecraft:enchanted_book":1,"minecraft:oak_slab":1,"minecraft:mossy_cobblestone":3,"minecraft:feather":3,"minecraft:cobblestone":132,"minecraft:amethyst_block":7,"minecraft:coal":15,"minecraft:golden_apple":1,"illagerinvasion:platinum_chunk":32,"mca:book_romance":1,"minecraft:nether_wart_block":2,"minecraft:cooked_salmon":3,"tombstone:grave_dust":11,"minecraft:potion":1,"minecraft:flowering_azalea":1,"minecraft:white_banner":2,"minecraft:string":6,"minecraft:gray_carpet":2,"iceandfire:dragon_skull_fire":1,"minecraft:spruce_sapling":6,"minecraft:furnace":1,"minecraft:moss_carpet":1,"minecraft:raw_copper":5,"minecraft:cocoa_beans":13,"alexsmobs:pigshoes":2,"minecraft:clay_ball":6,"minecraft:shears":1,"alexsmobs:bear_fur":8,"minecraft:pumpkin_seeds":1,"minecraft:diamond_sword":1,"minecraft:potato":1,"minecraft:cobblestone_slab":1,"minecraft:stone":3,"minecraft:spruce_planks":3,"minecraft:spider_eye":4,"minecraft:red_sand":3,"minecraft:bow":4,"minecraft:stone_pickaxe":1,"minecraft:calcite":35},"minecraft:broken":{"minecraft:iron_chestplate":1,"minecraft:iron_leggings":1,"minecraft:golden_leggings":1,"minecraft:stone_pickaxe":1,"minecraft:iron_pickaxe":1,"minecraft:iron_helmet":1},"minecraft:killed_by":{"iceandfire:cyclops":4,"minecraft:creeper":2,"minecraft:piglin":1,"iceandfire:fire_dragon":3,"minecraft:player":1,"betteranimalsplus:shark":1,"minecraft:skeleton":2}},"DataVersion":2975}