{"stats":{"minecraft:custom":{"minecraft:jump":22,"minecraft:time_since_rest":11272,"minecraft:leave_game":3,"minecraft:play_time":13317,"minecraft:sprint_one_cm":10941,"minecraft:walk_one_cm":2821,"minecraft:time_since_death":11233,"minecraft:deaths":1,"minecraft:sneak_time":27,"minecraft:total_world_time":37205,"minecraft:fall_one_cm":209,"minecraft:interact_with_crafting_table":3,"minecraft:fly_one_cm":36969},"minecraft:used":{"alexsmobs:animal_dictionary":1,"minecraft:crafting_table":1}},"DataVersion":2975}