{"stats":{"minecraft:picked_up":{"minecraft:iron_axe":1,"minecraft:iron_leggings":1,"minecraft:iron_chestplate":1,"minecraft:cooked_beef":256,"minecraft:potato":160,"minecraft:iron_helmet":1,"minecraft:iron_pickaxe":1,"minecraft:iron_sword":1,"minecraft:iron_boots":1},"minecraft:used":{"minecraft:orange_bed":2,"minecraft:torch":2,"minecraft:dirt":15,"minecraft:crafting_table":1,"minecraft:command_block":7,"minecraft:lantern":7,"minecraft:grass_block":49,"minecraft:stone_button":4,"minecraft:white_bed":1,"tombstone:gift":3,"alexsmobs:animal_dictionary":1,"minecraft:spruce_planks":19,"tombstone:grave_key":1},"minecraft:custom":{"minecraft:open_chest":4,"minecraft:time_since_rest":6860,"minecraft:crouch_one_cm":1426,"minecraft:sprint_one_cm":32779,"minecraft:play_time":49492,"minecraft:deaths":2,"minecraft:walk_one_cm":40737,"minecraft:sneak_time":879,"minecraft:walk_under_water_one_cm":3069,"minecraft:jump":116,"minecraft:damage_dealt":10,"minecraft:leave_game":6,"minecraft:walk_on_water_one_cm":3175,"minecraft:time_since_death":14948,"minecraft:interact_with_beacon":1,"minecraft:sleep_in_bed":2,"minecraft:total_world_time":73380,"minecraft:interact_with_crafting_table":3,"minecraft:fall_one_cm":209,"minecraft:fly_one_cm":271099}},"DataVersion":2975}