{"stats":{"minecraft:used":{"alexsmobs:animal_dictionary":1,"minecraft:crafting_table":1,"minecraft:grass_block":23},"minecraft:custom":{"minecraft:jump":48,"minecraft:time_since_rest":21695,"minecraft:damage_dealt":10,"minecraft:leave_game":5,"minecraft:crouch_one_cm":217,"minecraft:time_since_death":21656,"minecraft:play_time":23740,"minecraft:sprint_one_cm":14558,"minecraft:walk_one_cm":8330,"minecraft:walk_on_water_one_cm":2032,"minecraft:deaths":1,"minecraft:sneak_time":357,"minecraft:total_world_time":47628,"minecraft:walk_under_water_one_cm":2949,"minecraft:interact_with_crafting_table":3,"minecraft:fall_one_cm":209,"minecraft:fly_one_cm":223067}},"DataVersion":2975}