{"stats":{"minecraft:used":{"alexsmobs:animal_dictionary":1,"minecraft:crafting_table":1,"minecraft:grass_block":23},"minecraft:custom":{"minecraft:jump":42,"minecraft:time_since_rest":19042,"minecraft:walk_on_water_one_cm":2032,"minecraft:crouch_one_cm":217,"minecraft:leave_game":4,"minecraft:play_time":21087,"minecraft:sprint_one_cm":13148,"minecraft:time_since_death":19003,"minecraft:walk_one_cm":6562,"minecraft:deaths":1,"minecraft:sneak_time":298,"minecraft:total_world_time":44975,"minecraft:walk_under_water_one_cm":2949,"minecraft:interact_with_crafting_table":3,"minecraft:fall_one_cm":209,"minecraft:fly_one_cm":153410}},"DataVersion":2975}