{"stats":{"minecraft:custom":{"minecraft:animals_bred":1,"minecraft:interact_with_crafting_table":76,"minecraft:open_barrel":5,"minecraft:eat_cake_slice":7,"minecraft:leave_game":17,"minecraft:time_since_death":12412,"minecraft:sprint_one_cm":1566085,"minecraft:damage_blocked_by_shield":170,"minecraft:drop":92,"minecraft:talked_to_villager":1,"minecraft:play_time":669982,"minecraft:deaths":33,"minecraft:jump":12148,"minecraft:walk_on_water_one_cm":133888,"minecraft:interact_with_furnace":22,"minecraft:sleep_in_bed":32,"minecraft:damage_dealt":27738,"minecraft:interact_with_beacon":1,"minecraft:crouch_one_cm":152943,"tombstone:undead_killed":84,"minecraft:interact_with_smoker":7,"minecraft:mob_kills":154,"minecraft:damage_dealt_resisted":214,"minecraft:climb_one_cm":7341,"minecraft:walk_one_cm":1209502,"minecraft:damage_dealt_absorbed":182,"minecraft:sneak_time":43865,"minecraft:walk_under_water_one_cm":108041,"minecraft:boat_one_cm":1298276,"minecraft:total_world_time":693870,"tombstone:raider_killed":4,"minecraft:time_since_rest":12458,"minecraft:damage_taken":16825,"minecraft:trigger_trapped_chest":7,"minecraft:swim_one_cm":251461,"minecraft:fly_one_cm":2775665,"minecraft:open_chest":197,"minecraft:fall_one_cm":295421},"minecraft:dropped":{"minecraft:porkchop":7,"minecraft:cooked_beef":2,"minecraft:dark_oak_sapling":3,"minecraft:crossbow":1,"iceandfire:chared_dirt":4,"minecraft:warped_roots":1,"minecraft:leather":13,"minecraft:leather_helmet":1,"minecraft:cobblestone_stairs":1,"minecraft:dirt":82,"iceandfire:sea_serpent_scales_red":3,"iceandfire:chared_gravel":4,"paraglider:paraglider":1,"minecraft:dark_oak_planks":1,"minecraft:oak_door":1,"minecraft:gravel":7,"minecraft:stone_axe":2,"comforts:sleeping_bag_red":1,"minecraft:wheat":2,"minecraft:rotten_flesh":55,"minecraft:cooked_mutton":1,"iceandfire:shiny_scales":1,"iceandfire:ghost_chest":2,"minecraft:melon_seeds":3,"minecraft:acacia_sapling":1,"minecraft:arrow":1,"iceandfire:sea_serpent_scales_blue":1,"iceandfire:chared_grass":2,"minecraft:enchanted_book":1,"minecraft:iron_ingot":6,"minecraft:bread":37,"minecraft:wheat_seeds":1,"magistuarmory:viking_horns_decoration":1,"minecraft:minecart":3,"minecraft:cobblestone":10,"minecraft:lead":3,"minecraft:stick":7,"minecraft:cobweb":9,"tombstone:grave_key":1,"tombstone:grave_dust":8,"minecraft:brown_terracotta":1,"minecraft:string":16,"minecraft:spruce_sapling":1,"minecraft:sweet_berries":20,"minecraft:stone_sword":1,"minecraft:tuff":4,"minecraft:spruce_fence":1,"iceandfire:copper_sword":1,"tombstone:essence_of_undeath":1,"iceandfire:sea_serpent_fang":8,"piglin_expansion:basaltic_blackstone":1},"minecraft:used":{"minecraft:iron_shovel":260,"minecraft:chest":16,"minecraft:iron_sword":39,"minecraft:carrot":3,"minecraft:tuff":13,"minecraft:stripped_spruce_log":10,"minecraft:spruce_boat":8,"minecraft:glass":1,"minecraft:lantern":7,"minecraft:grass_block":49,"iceandfire:ghost_chest":4,"comforts:sleeping_bag_orange":3,"minecraft:sweet_berries":138,"minecraft:furnace":7,"minecraft:potato":12,"minecraft:spruce_door":2,"minecraft:stone_pickaxe":47,"minecraft:ender_pearl":1,"minecraft:diamond_axe":232,"minecraft:glow_berries":6,"minecraft:blast_furnace":1,"minecraft:crossbow":1,"minecraft:dark_oak_log":21,"minecraft:bread":71,"minecraft:stone_button":4,"tombstone:grave_key":7,"minecraft:diamond_sword":170,"minecraft:cooked_rabbit":1,"minecraft:coarse_dirt":8,"minecraft:stone_sword":73,"comforts:sleeping_bag_red":8,"minecraft:spruce_planks":88,"minecraft:orange_bed":2,"minecraft:torch":289,"minecraft:dirt":553,"magistuarmory:diamond_stylet":232,"iceandfire:copper_sword":126,"paraglider:horned_statue":1,"minecraft:dark_oak_planks":3,"minecraft:iron_axe":119,"minecraft:golden_carrot":2,"minecraft:acacia_wood":8,"tombstone:gift":4,"minecraft:cooked_beef":22,"minecraft:cobbled_deepslate":141,"minecraft:acacia_planks":162,"minecraft:brown_bed":4,"minecraft:cooked_mutton":14,"minecraft:birch_boat":11,"minecraft:crafting_table":19,"comforts:sleeping_bag_magenta":10,"minecraft:white_bed":1,"minecraft:spruce_log":43,"minecraft:dark_oak_door":4,"minecraft:cake":1,"minecraft:smoker":2,"tombstone:bag_of_seeds":2,"minecraft:apple":7,"minecraft:diamond_shovel":618,"minecraft:command_block":7,"minecraft:iron_pickaxe":889,"minecraft:spruce_sapling":1,"minecraft:stone_axe":80,"minecraft:cobblestone":253,"magistuarmory:wood_target":10,"minecraft:cooked_porkchop":4,"minecraft:glass_pane":6,"alexsmobs:animal_dictionary":1},"minecraft:killed_by":{"minecraft:creeper":2,"minecraft:pillager":1,"iceandfire:stymphalian_bird":1,"iceandfire:sea_serpent":2,"iceandfire:ice_dragon":1,"minecraft:zombie":5,"iceandfire:fire_dragon":7,"minecraft:player":2,"minecraft:skeleton":5,"iceandfire:ghost":1},"minecraft:broken":{"minecraft:iron_shovel":1,"minecraft:iron_chestplate":1,"minecraft:iron_leggings":1,"minecraft:iron_axe":1,"minecraft:iron_pickaxe":4,"minecraft:iron_helmet":1},"minecraft:picked_up":{"minecraft:iron_chestplate":2,"betteranimalsplus:calamari_raw":1,"minecraft:wheat":8,"illagerinvasion:platinum_chunk":1,"iceandfire:copper_sword":1,"minecraft:prismarine_shard":6,"iceandfire:copper_ore":10,"minecraft:stone_slab":2,"minecraft:diamond_sword":1,"minecraft:brown_bed":4,"minecraft:enchanted_book":3,"tombstone:grave_key":1,"piglin_expansion:basaltic_blackstone":2,"minecraft:string":322,"iceandfire:sea_serpent_scales_teal":6,"minecraft:iron_leggings":2,"minecraft:activator_rail":4,"minecraft:red_sand":30,"minecraft:gold_nugget":154,"minecraft:cobbled_deepslate":226,"minecraft:spruce_planks":92,"minecraft:white_tulip":5,"minecraft:rose_bush":3,"minecraft:iron_pickaxe":1,"iceandfire:frozen_gravel":1,"minecraft:furnace":6,"minecraft:iron_boots":1,"minecraft:dark_oak_door":2,"minecraft:stick":35,"iceandfire:ghost_chest":8,"minecraft:brown_terracotta":1,"minecraft:torch":29,"iceandfire:silver_ore":24,"minecraft:porkchop":14,"tombstone:grave_dust":20,"minecraft:stone_sword":1,"comforts:sleeping_bag_orange":2,"minecraft:rotten_flesh":89,"iceandfire:fire_dragon_heart":2,"minecraft:red_tulip":6,"minecraft:cod":3,"minecraft:cobblestone":359,"paraglider:paraglider":1,"minecraft:feather":3,"minecraft:cooked_beef":257,"minecraft:andesite":24,"minecraft:smoker":2,"minecraft:potato":185,"minecraft:magenta_dye":2,"paraglider:spirit_orb":18,"minecraft:flint":1,"minecraft:tuff":23,"tombstone:familiar_receptacle":1,"minecraft:lapis_lazuli":69,"iceandfire:dragonscales_bronze":6,"minecraft:dirt":899,"minecraft:name_tag":1,"minecraft:leather_boots":1,"minecraft:bone":107,"minecraft:acacia_planks":20,"minecraft:bow":5,"minecraft:wheat_seeds":33,"minecraft:orange_tulip":3,"minecraft:bell":1,"minecraft:raw_gold":48,"minecraft:powered_rail":7,"minecraft:oak_planks":10,"minecraft:cooked_porkchop":4,"iceandfire:dragon_skull_fire":1,"betteranimalsplus:pheasantraw":6,"iceandfire:shiny_scales":21,"minecraft:sand":36,"minecraft:stripped_spruce_log":70,"minecraft:ink_sac":18,"minecraft:dark_oak_log":46,"minecraft:mossy_cobblestone":1,"minecraft:bundle":1,"minecraft:light_gray_terracotta":2,"minecraft:diamond":19,"minecraft:spruce_boat":8,"minecraft:crossbow":2,"minecraft:golden_apple":1,"minecraft:emerald":8,"minecraft:bread":2,"iceandfire:silver_nugget":10,"minecraft:crafting_table":10,"minecraft:charcoal":10,"minecraft:cocoa_beans":2,"minecraft:coarse_dirt":11,"minecraft:allium":10,"minecraft:ladder":2,"minecraft:clay_ball":4,"iceandfire:fire_lily":1,"iceandfire:sea_serpent_scales_blue":1,"minecraft:cornflower":152,"iceandfire:frozen_grass":1,"magistuarmory:diamond_stylet":1,"minecraft:iron_axe":2,"minecraft:magenta_wool":6,"minecraft:blue_orchid":91,"comforts:sleeping_bag_magenta":10,"minecraft:detector_rail":8,"minecraft:beef":48,"minecraft:iron_nugget":17,"minecraft:minecart":3,"minecraft:chest":11,"minecraft:dark_oak_sapling":3,"minecraft:raw_iron":121,"iceandfire:dragonbone":35,"minecraft:oak_door":1,"iceandfire:chared_grass":4,"minecraft:spruce_fence":1,"sophisticatedbackpacks:backpack":1,"minecraft:prismarine_crystals":2,"minecraft:dark_oak_planks":14,"iceandfire:dragon_skull_ice":2,"minecraft:arrow":31,"magistuarmory:steel_ingot":1,"iceandfire:chared_dirt":3,"minecraft:hay_block":27,"comforts:sleeping_bag_red":8,"minecraft:pink_tulip":5,"tombstone:essence_of_undeath":1,"minecraft:gold_ingot":5,"paraglider:horned_statue":2,"minecraft:mutton":21,"minecraft:rail":10,"minecraft:skeleton_skull":1,"minecraft:white_wool":11,"iceandfire:sea_serpent_fang":8,"minecraft:glow_ink_sac":36,"minecraft:salmon":1,"minecraft:leather":25,"minecraft:acacia_wood":61,"iceandfire:ectoplasm":9,"minecraft:cobblestone_stairs":1,"mca:book_romance":1,"minecraft:paper":2,"tombstone:gift":1,"minecraft:kelp":3,"iceandfire:dragon_stick":1,"minecraft:iron_ingot":68,"minecraft:cobweb":9,"tombstone:bag_of_seeds":1,"minecraft:iron_sword":2,"minecraft:acacia_sapling":9,"minecraft:oak_slab":1,"iceandfire:copper_nugget":14,"minecraft:birch_boat":12,"minecraft:sweet_berries":136,"minecraft:gravel":24,"minecraft:spruce_sapling":8,"minecraft:spruce_log":77,"minecraft:spruce_door":2,"minecraft:spider_eye":6,"minecraft:leather_helmet":1,"minecraft:pumpkin_seeds":3,"minecraft:stone_axe":2,"minecraft:iron_helmet":2,"iceandfire:sea_serpent_scales_red":3,"minecraft:gray_wool":1,"minecraft:warped_roots":5,"tombstone:magic_scroll":2,"minecraft:melon_seeds":3,"iceandfire:chared_gravel":2,"minecraft:coal":186,"minecraft:ender_pearl":1},"minecraft:killed":{"minecraft:cave_spider":8,"minecraft:witch":1,"minecraft:spider":3,"minecraft:skeleton":30,"minecraft:skeleton_horse":1,"minecraft:iron_golem":1,"betteranimalsplus:pheasant":1,"minecraft:sheep":14,"minecraft:trader_llama":1,"minecraft:zombie":48,"minecraft:cow":24,"iceandfire:sea_serpent":1,"alexsmobs:tasmanian_devil":1,"iceandfire:fire_dragon":1,"iceandfire:siren":1,"betteranimalsplus:songbird":1,"iceandfire:ghost":5,"minecraft:enderman":1},"minecraft:crafted":{"minecraft:smooth_stone":8,"minecraft:oak_planks":8,"minecraft:stone":8,"minecraft:diamond_shovel":1,"minecraft:cooked_mutton":21,"minecraft:glass":20,"minecraft:dark_oak_door":3,"minecraft:iron_boots":1,"minecraft:chest":9,"minecraft:magenta_dye":10,"sophisticatedbackpacks:backpack":1,"minecraft:diamond_axe":1,"minecraft:crafting_table":8,"minecraft:spruce_planks":376,"minecraft:iron_helmet":1,"minecraft:spruce_door":3,"minecraft:red_wool":3,"minecraft:iron_chestplate":1,"minecraft:stick":64,"minecraft:light_blue_dye":1,"minecraft:iron_ingot":36,"minecraft:iron_pickaxe":4,"magistuarmory:wood_target":1,"minecraft:stone_sword":1,"minecraft:gold_ingot":12,"comforts:sleeping_bag_red":1,"minecraft:magenta_wool":9,"iceandfire:dragon_stick":1,"minecraft:furnace":2,"minecraft:blast_furnace":1,"minecraft:pink_dye":5,"minecraft:orange_wool":3,"minecraft:glass_pane":48,"minecraft:spruce_boat":1,"comforts:sleeping_bag_magenta":3,"minecraft:dark_oak_planks":100,"magistuarmory:viking_horns_decoration":1,"minecraft:wheat":252,"sophisticatedbackpacks:iron_backpack":1,"minecraft:cooked_beef":26,"paraglider:paraglider":1,"minecraft:red_dye":12,"sophisticatedbackpacks:gold_backpack":1,"minecraft:orange_dye":3,"minecraft:bread":88,"minecraft:air":0,"comforts:sleeping_bag_orange":1,"minecraft:iron_shovel":1,"minecraft:iron_leggings":1,"minecraft:torch":252,"minecraft:acacia_planks":204},"minecraft:mined":{"minecraft:large_amethyst_bud":6,"minecraft:spruce_planks":25,"iceandfire:graveyard_soil":7,"iceandfire:copper_pile":2,"minecraft:cobblestone_stairs":1,"minecraft:red_sand":31,"minecraft:grass_block":583,"minecraft:spawner":9,"minecraft:iron_ore":29,"minecraft:cobbled_deepslate":45,"minecraft:fire":9,"minecraft:deepslate_lapis_ore":4,"minecraft:brown_bed":4,"minecraft:red_tulip":6,"iceandfire:gold_pile":3,"minecraft:dirt_path":5,"minecraft:small_amethyst_bud":7,"minecraft:pink_tulip":5,"minecraft:blue_orchid":19,"minecraft:kelp_plant":6,"minecraft:smoker":2,"minecraft:medium_amethyst_bud":5,"minecraft:clay":1,"minecraft:torch":8,"minecraft:light_gray_terracotta":2,"iceandfire:ghost_chest":4,"minecraft:chest":13,"iceandfire:fire_lily":1,"minecraft:glass":1,"minecraft:cobblestone":57,"minecraft:oak_planks":5,"minecraft:wall_torch":9,"minecraft:skeleton_skull":1,"minecraft:seagrass":1,"minecraft:dark_oak_door":2,"paraglider:horned_statue":1,"minecraft:orange_tulip":4,"minecraft:wither_rose":1,"minecraft:grass":55,"minecraft:sand":37,"minecraft:dirt":190,"minecraft:oak_leaves":8,"minecraft:deepslate":119,"minecraft:tuff":24,"piglin_expansion:basaltic_blackstone":3,"iceandfire:silver_ore":14,"minecraft:mossy_cobblestone":2,"minecraft:dark_oak_leaves":3,"minecraft:deepslate_diamond_ore":17,"minecraft:dark_oak_log":46,"minecraft:allium":10,"minecraft:spruce_fence":1,"comforts:sleeping_bag_magenta":1,"minecraft:spruce_leaves":26,"minecraft:kelp":1,"iceandfire:chared_grass":2,"minecraft:large_fern":7,"minecraft:hay_block":27,"minecraft:furnace":5,"iceandfire:copper_ore":10,"minecraft:nether_sprouts":3,"minecraft:acacia_wood":61,"iceandfire:chared_gravel":2,"minecraft:andesite":20,"minecraft:stripped_spruce_log":71,"minecraft:bell":1,"minecraft:deepslate_iron_ore":73,"minecraft:vine":6,"minecraft:stone":297,"minecraft:white_tulip":5,"minecraft:oak_slab":1,"minecraft:acacia_leaves":5,"minecraft:spruce_door":2,"minecraft:crafting_table":10,"minecraft:cornflower":51,"minecraft:warped_roots":3,"minecraft:rose_bush":3,"minecraft:stone_slab":2,"minecraft:tall_grass":45,"minecraft:deepslate_coal_ore":13,"minecraft:deepslate_gold_ore":44,"minecraft:spruce_stairs":2,"minecraft:coarse_dirt":6,"minecraft:sweet_berry_bush":53,"minecraft:spruce_log":77,"minecraft:coal_ore":89,"iceandfire:silver_pile":3,"minecraft:gravel":11,"minecraft:cobweb":138,"minecraft:brown_terracotta":1,"minecraft:acacia_planks":20,"minecraft:stone_bricks":2,"minecraft:gold_ore":3,"minecraft:fern":26}},"DataVersion":2975}